발주번호,SKU ID,SKU 이름,확정수량
137228162,15812678,보아르v에어43 공기청정기 필터 VET-063-APOWH,1
137228162,12143584,"보아르 휘겔리 공기청정기 완전필터 시리즈 스탠다드 프리미엄 펫팸 필터, 펫팸 필터 E0151",1
137228162,11192163,보아르 그린에어 공기청정기 교체용 필터,1
137228162,11192167,보아르 휘겔리 공기청정기 교체용 필터,2
137228162,11291291,보아르 모아M1000 필터,10
137228149,10816066,보아르 파인F2000 소형 원룸 욕실 옷장 미니 제습기 VO-DH004,30
137228149,12029130,오아 메가에어 써큘레이터 스탠드 선풍기 리모컨 공기순환기,9
137228149,15004955,"오아 타프 실링팬 캠핑용 천장형 BLDC 무선 선풍기, OFN-037WH, 화이트",99
137228149,15838517,보아르 모아 파워 제습기 16L 활성탄 필터 VO-ET026,4
137228132,11671481,"오아 클린이 소프트 자동 압력센서 음파 전동칫솔, 화이트",33
137228132,12775098,"BOX_오아 클린이 소프트 음파 전동칫솔 2세트, VO-OC001(화이트)",1
137228130,14299890,오아 다리360 안마기 다리 종아리 발목 발 마사지기,2
137228129,14218803,오아 클린이베어 어린이 음파 전동칫솔 핑크,4
137228127,73956459,오아 워터쉴드넥 스마트폰 4중잠금 방수팩 + 넥스트랩 포그밀크 1세트,31
137228116,71291488,오아 베이직 5엽 날개 키높이 스탠드 선풍기 OSFN-001SC,3378
137228115,4125377,오아 슬리머 마사지기 OA-MA900 (브라운),39
137228115,15414324,오아 아이콕 눈 안마기 무선 마사지기 기계 온열 찜질기,3
137228115,13195811,오아 듀얼 무릎 마사지기 V2 무선 온열 마사지 찜질 안마기OMS-008BE,1
137228106,14878740,보아르 워터스핀E1 무선 듀얼스핀 자동 물분사 물걸레 청소기,3
137228106,11511332,오아 아이로너 터보 핸디형 살균 스팀다리미 빠른예열 OA-DA001 화이트,6
137228106,12579597,보아르 스티머인젝터 핸디형 스팀다리미 VIR-002WH,2
137228087,72300747,오아 바디팬 맥스 휴대용 미니 목걸이 허리 선풍기 포그밀크 OMFN-006FM,10
137228087,73956460,오아 워터쉴드넥 스마트폰 4중잠금 방수팩 + 넥스트랩 어비스블랙 1세트,35
137228087,73956461,오아 워터쉴드넥 스마트폰 4중잠금 방수팩 + 넥스트랩 클라우디블루 1세트,16
137228087,19213859,오아 타워 대용량 자동습도조절 UV살균 초음파 16L 가습기,2
137228087,50723598,보아르 슈즈쏙 신발 건조기 휴대용 운동화 소독 살균 관리 냄새제거,96
137228087,52155415,오아 보풀리 보풀제거기 옷 니트 가디건 보풀 제거 화이트 OFBS-001WH,1
137228087,61760291,보아르 다이닝 저당 밥솥 미니 6인용 스텐 아이보리 VERC-004IV,1
137228087,51533853,오아 오토셋 웨이브 뿌리 볼륨 봉고데기 화이트 OHA-029BL,1
137228087,60725132,오아 클린이퓨어S 휴대용 UV 칫솔 살균기 화이트 OTBS-002,2
137228087,67438487,오아 베이직 판고데기 매직기 세라믹 앞머리 헤어 웨이브 블루 OHA-023BL,1
137228087,11156528,"오아 쁘띠케어 2in1 온열 진동 갈바닉 클렌저,OA-BU024",2
137228087,40640374,오아 전기 온열찜질기 OMS-028DG,1
137228087,46962408,오아 울트라젯 휴대용 미니 무선 손 선풍기 초강력 저소음 핸디 핸드 캠핑 에어건 손풍기 블랙 OFN-063BK,15
137228087,39147133,오아 스마트 체지방 체성분 핸드바 체중계PRO 화이트 OWM-005WH,3
137228087,62374813,오아 탭탭 블루투스 스피커 휴대용 미니 크림화이트 OSPK-005WH,2
137228087,66357977,오아 소닉플로우 BLDC 항공모터 고속 초경량 헤어 드라이기 1800W 베이지 ODRY-007BE,7
137228087,39270777,오아 터치펜M 애플펜슬 2세대 호환 스타일러스 아이패드 터치 팬슬 스마트펜 화이트 1개,1
137228087,56183402,오아 듀얼 히팅 뷰러 속눈썹 고데기 화이트 OHEC-001WH,8
137228087,36608029,오아 아이템플 OMS-025WH,2
137228087,69292187,오아 퀵스트랩 CtoC 고속 충전 케이블 핸드폰 목걸이줄 샌드크림 1개 1.6m,1
137228087,69292186,오아 퀵스트랩 CtoC 고속 충전 케이블 핸드폰 목걸이줄 코튼핑크 1개 1.6m,1
137228087,18928667,오아 클린이퓨어PRO 바람건조 고온히팅 휴대용 유선 무선 겸용 칫솔살균기 UVC LED 자외선 살균 건조기 OTS-004WH 화이트 OTS-004WH,19
137228087,64971361,오아 쁘띠차저 35W GaN PD 3.0 PPS 2포트 고속 듀얼 미니 멀티충전기 화이트 1개,1
137228087,61199642,오아 에어리스마트 BLDC 항공모터 고속 초경량 헤어 드라이기 화이트 ODRY-005WH 1600W,2
137228087,40636333,오아홈텍트,6
137228087,50012601,오아 퓨어필워터 휴대용 무선 구강세정기 화이트 OOR-014WH,2
137228087,58505144,"보아르 터보 스티머 미니 핸디 여행용 스팀 다리미 1800W, VIRO-002IV",6
137228087,69770093,오아 효도손 마사지기 갈고리형 전신 허리 등 어깨 휴대용 무선 전동 안마기 블랙 OMSG-001BK,19
137228087,36606823,보아르 TV스탠드 와이드 이동식 이젤형 거치대 VET-005WH,1
137228087,55381383,오아 클린이워터P 전용 제트팁2P 구성품 1세트 OORL-A012WH,2
137228087,39239709,오아 무선 에어건S 초강력 미니 먼지제거 청소기 OCL-033WH,2
137228087,69039437,오아 소닉플로우 BLDC 항공모터 고속 초경량 헤어 드라이기 1800W 핑크 ODRY-007PK,29
137228087,68466892,오아 퀵롤차저 65W GaN C타입 케이블 일체형 초고속 2포트 멀티 고속 핸드폰 충전기 화이트1개,29
137228087,66358440,오아 히트워머 무선 온열 허리 찜질기 복부 배 마사지기 OMTM-004PK 핑크,1
137228087,67891311,오아 온열찜질기W 허리 배 어깨 복부 무릎 전기 찜질팩 베이지 OMTM-003BE,2
137228087,69766464,오아 큐브 멀티탭 PD35 고용량 4000W 콘센트 USB C타입 3구 멀티 어댑터 클라우디블루 1개,6
137228087,73893263,보아르 이지 전기포트 M1 접이식 분유포트 휴대용 미니 여행용 프리볼트 온도조절 커피포트 VPEP-006IV,49
137228087,73975553,오아 워터쉴드 크로스 다용도 수납 에어쿠션 스마트폰 방수팩 어비스블랙 1개,2
137228087,64778161,오아 베이직 휴대용 미니 헤어 뿌리 볼륨 빗고데기 블루 OSTR-002BL,15
137228087,34330469,오아 라운드 핸디팬 무선 휴대용 USB 초경량 미니 손 선풍기 베이지 OFN-046BE,1
137228087,55384739,오아 클린이포터블 전용 제트팁 2P 구성품 1세트 OET-069-OROWH,5
137228087,65179405,오아 포그밍L 온열 전기담요 OEBK-002BE 베이지 1800 x 1300 mm,2
137228087,55462718,오아 슬림에어 BLDC 헤어 고속 미니 드라이어 블랙 ODRY-002BK,1
137228087,12362063,보아르 에이블 듀얼 에어프라이어 23리터 스텐 오븐 에어프라이기 가정용 대용량 에어후라이기,11
137228087,53967042,보아르 파워스핀 소형 미니 화장실 무선 욕실청소기 화이트 VCVC-010WH,1
137228087,69772625,오아 클린이워터B-UV 휴대용 구강세정기 물치실 IPX7 방수 치아세정기 클라우디블루 OORL-018CB,5
137228087,68253037,오아 BLDC 헤어 드라이기 미니 블루 ODRY-008BL 1100W + 파우치,19
137228087,69772629,오아 클린이워터B-UV 휴대용 구강세정기 물치실 IPX7 방수 치아세정기 포그밀크 OORL-018FM,16
137228087,66417803,보아르 듀얼 히팅 에어프라이어8L 대용량 상하열선 투명 바스켓 에어프라이기 그릴 오븐형 에어후라이기 블랙 VAFR-004BK,4
137228087,70204974,오아 퀵맥 15W 맥세이프 초슬림 무선 충전 보조배터리 5000mAh 실버 OBAT-005SI,2
137116160,32324919,삼대오백 크레아틴 모노 하이드레이트 1통 300g,2560
137116160,65375214,삼대오백 EAA 블루베리 300g 1개,120
137116160,57706716,삼대오백 바이퍼 그린 제로음료 24개 355ml,48
137116160,55276087,삼대오백 EAA 아미노산 매실맛 300g 1개,360
137116160,68512634,삼대오백 크레아틴 모노 하이드레이트 정제 144g120정 1개,168
137116160,55275145,삼대오백 EAA 아미노산 요구르트맛 300g 1개,144
137115966,41910663,삼대오백 마그네슘 리커버리 웜업크림 발열 마사지 핫크림 오리지널 2개 100ml,4
137115966,68993861,삼대오백 트랜스폼 캡슐박스 조립형 알약 케이스 블랙 1개 FREE,4
137115966,66792779,삼대오백 마그네슘 리커버리 웜업 핫크림 프로 100ml 1개,24
