발주번호,발주유형,발주현황,SKU ID,SKU 이름,SKU Barcode,물류센터,입고예정일,발주일,발주수량,확정수량,입고수량,매입유형,면세여부,생산연도,제조일자,유통(소비)기한,매입가,공급가,부가세,총발주 매입금,입고금액,Xdock
144148135,일반,거래처확인요청,58987730,오아 UV 듀얼 초음파 살균 렌즈세척기 아이보리 1개,8809822426171,오아 주식회사,2026-10-07,2026-10-06 15:19:03,140,140,0,직매입,N,,,,26334,23940,2394,3686760,0,N
144144447,일반,거래처확인요청,14299890,오아 다리360 안마기 다리 종아리 발목 발 마사지기,8809487308577,오아 주식회사,2026-10-07,2026-10-06 14:14:34,1,1,0,직매입,N,,,,118590,107809,10781,118590,0,N
144144443,일반,거래처확인요청,38545387,오아 플렌티 브릭 대용량 통세척 초음파 가습기 4L OHM-069WH,8809822423705,오아 주식회사,2026-10-07,2026-10-06 14:14:34,69,69,0,직매입,N,,,,26666,24242,2424,1839954,0,N
144144443,일반,거래처확인요청,74826974,오아 몬스터 퀵 고속 충전 240W C타입 케이블 C to C 충전선 포그밀크 1개 120cm,8800367920223,오아 주식회사,2026-10-07,2026-10-06 14:14:34,5,5,0,직매입,N,,,,5106,4642,464,25530,0,N
144144443,일반,거래처확인요청,35192489,오아 넥큐어 온열 저주파 EMS 초경량 목 마사지기 OMS-039WH,8809822422494,오아 주식회사,2026-10-07,2026-10-06 14:14:34,2,2,0,직매입,N,,,,26666,24242,2424,53332,0,N
144144443,일반,거래처확인요청,58040260,오아 냉온 진동 실리콘 클렌저 베이지 OCLS-001,8809822426201,오아 주식회사,2026-10-07,2026-10-06 14:14:34,1,1,0,직매입,N,,,,26666,24242,2424,26666,0,N
144144443,일반,거래처확인요청,56896464,보아르 이지 전기포트 C 휴대용 접이식 여행용 올스텐 무선 커피포트,8809822429936,오아 주식회사,2026-10-07,2026-10-06 14:14:34,26,26,0,직매입,N,,,,38793,35266,3527,1008618,0,N
144144443,일반,거래처확인요청,59332927,오아 아쿠아 필링기 각질 제거기 OFLL-001WH 화이트 OFLL-001WH,8809822426409,오아 주식회사,2026-10-07,2026-10-06 14:14:34,4,4,0,직매입,N,,,,22043,20039,2004,88172,0,N
144144443,일반,거래처확인요청,69292185,오아 퀵스트랩 CtoC 고속 충전 케이블 핸드폰 목걸이줄 클라우디블루 1개 1.6m,8809822428717,오아 주식회사,2026-10-07,2026-10-06 14:14:34,1,1,0,직매입,N,,,,5963,5421,542,5963,0,N
144144443,일반,거래처확인요청,65969750,오아 쁘띠차저 100W GaN PD 3.0 PPS 4포트 고속 멀티충전기 화이트 1개,8809822427567,오아 주식회사,2026-10-07,2026-10-06 14:14:34,1,1,0,직매입,N,,,,52930,48118,4812,52930,0,N
144144443,일반,거래처확인요청,70205079,오아 데이지 오토 헤어 웨이브 자동 롤러 볼륨 고데기 32mm 아이보리 OSTR-007IV,8809822427598,오아 주식회사,2026-10-07,2026-10-06 14:14:34,10,10,0,직매입,N,,,,33433,30394,3039,334330,0,N
144144443,일반,거래처확인요청,69292187,오아 퀵스트랩 CtoC 고속 충전 케이블 핸드폰 목걸이줄 샌드크림 1개 1.6m,8809822428809,오아 주식회사,2026-10-07,2026-10-06 14:14:34,2,2,0,직매입,N,,,,5963,5421,542,11926,0,N
144144443,일반,거래처확인요청,65935700,오아 듀얼 미스트맥스 무선 미니 가습기 포그밀크 OUHU-015FM,8809822428274,오아 주식회사,2026-10-07,2026-10-06 14:14:34,91,91,0,직매입,N,,,,26666,24242,2424,2426606,0,N
144144443,일반,거래처확인요청,64971361,오아 쁘띠차저 35W GaN PD 3.0 PPS 2포트 고속 듀얼 미니 멀티충전기 화이트 1개,8809822427543,오아 주식회사,2026-10-07,2026-10-06 14:14:34,2,2,0,직매입,N,,,,10586,9624,962,21172,0,N
144144443,일반,거래처확인요청,37244806,오아 볼륨 컬링 티타늄 이지 봉고데기 핑크 OHA-012PK,8809822423118,오아 주식회사,2026-10-07,2026-10-06 14:14:34,14,14,0,직매입,N,,,,26666,24242,2424,373324,0,N
144144443,일반,거래처확인요청,69039778,오아 소닉플로우 BLDC 항공모터 고속 초경량 헤어 드라이기 1800W 그레이 ODRY-007GR,8809822428816,오아 주식회사,2026-10-07,2026-10-06 14:14:34,8,8,0,직매입,N,,,,33433,30394,3039,267464,0,N
144144443,일반,거래처확인요청,61199642,오아 에어리스마트 BLDC 항공모터 고속 초경량 헤어 드라이기 화이트 ODRY-005WH 1600W,8809822426874,오아 주식회사,2026-10-07,2026-10-06 14:14:34,16,16,0,직매입,N,,,,58960,53600,5360,943360,0,N
144144443,일반,거래처확인요청,44374810,보아르 아띠랑스 무선 미니 전기포트 올 스텐 커피포트 베이지 VPT-003BE,8809822424597,오아 주식회사,2026-10-07,2026-10-06 14:14:34,25,25,0,직매입,N,,,,25326,23024,2302,633150,0,N
144144443,일반,거래처확인요청,40636333,오아홈텍트,8809822424078,오아 주식회사,2026-10-07,2026-10-06 14:14:34,1,1,0,직매입,N,,,,33366,30333,3033,33366,0,N
144144443,일반,거래처확인요청,62385013,보아르 보틀 휴대용 분유 무선 보온 여행용 전기 포트기 VBNM-003WH,8809822426973,오아 주식회사,2026-10-07,2026-10-06 14:14:34,3,3,0,직매입,N,,,,58960,53600,5360,176880,0,N
144144443,일반,거래처확인요청,38415503,오아 베이직 판 고데기 5단계 온도조절 헤어 매직기 OHA-023BE,8809822423415,오아 주식회사,2026-10-07,2026-10-06 14:14:34,1,1,0,직매입,N,,,,23316,21196,2120,23316,0,N
144144443,일반,거래처확인요청,38158208,오아 더벨벳 무선 고데기 미니 휴대용 뿌리볼륨 헤어 매직기,8809822422807,오아 주식회사,2026-10-07,2026-10-06 14:14:34,2,2,0,직매입,N,,,,33366,30333,3033,66732,0,N
144144443,일반,거래처확인요청,61929592,보아르 모노1.5L 스텐 316 분유 보온 온도조절 커피 전기 주전자 VHEP-004WH,8809822426904,오아 주식회사,2026-10-07,2026-10-06 14:14:34,14,14,0,직매입,N,,,,36783,33439,3344,514962,0,N
144144443,일반,거래처확인요청,44996967,오아 턴에어 미니 탁상팬 선풍기 화이트 OFN-058WH,8809822424795,오아 주식회사,2026-10-07,2026-10-06 14:14:34,1,1,0,직매입,N,,,,19966,18151,1815,19966,0,N
144144443,일반,거래처확인요청,65566244,보아르 듀이아쿠아 자연기화식 가습기 대용량 8L 자동건조 UV살균 자동습도조절 통세척,8809822427826,오아 주식회사,2026-10-07,2026-10-06 14:14:34,25,25,0,직매입,N,,,,106530,96845,9685,2663250,0,N
144144443,일반,거래처확인요청,55389336,오아 클린이워터J 전용 제트팁 2P 구성품 1세트 OORL-A01501,8809822425761,오아 주식회사,2026-10-07,2026-10-06 14:14:34,11,11,0,직매입,N,,,,3618,3289,329,39798,0,N
144144443,일반,거래처확인요청,73226632,오아 오마컬 봉고데기 36mm 웨이브 고데기 아이롱 헤어 볼륨 프리볼트 고대기 핑크 OSTR-010PK,8809822429349,오아 주식회사,2026-10-07,2026-10-06 14:14:34,33,33,0,직매입,N,,,,30083,27348,2735,992739,0,N
144144443,일반,거래처확인요청,61766007,오아 무빙볼 무선 온열 등 허리 롤링 쿠션 의자 안마기 베이지 OMSG-018BE,8809822426331,오아 주식회사,2026-10-07,2026-10-06 14:14:34,5,5,0,직매입,N,,,,59630,54209,5421,298150,0,N
144144443,일반,거래처확인요청,64330764,오아 이지 물결 웨이브 볼륨 프리볼트 고데기 블루 OHA-031BL,8809822427451,오아 주식회사,2026-10-07,2026-10-06 14:14:34,14,14,0,직매입,N,,,,30016,27287,2729,420224,0,N
144144443,일반,거래처확인요청,51883980,오아 플렌티 에어워셔 4L 필터 1개 OHHU-A002,8809822425501,오아 주식회사,2026-10-07,2026-10-06 14:14:34,2,2,0,직매입,N,,,,12328,11207,1121,24656,0,N
144144443,일반,거래처확인요청,74693807,보아르 이지 전기포트 M1 접이식 분유포트 휴대용 미니 여행용 프리볼트 온도조절 커피포트 그레이 VPEP-006GL,8809822429851,오아 주식회사,2026-10-07,2026-10-06 14:14:34,27,27,0,직매입,N,,,,34362,31238,3124,927774,0,N
144144443,일반,거래처확인요청,64330763,오아 이지 물결 웨이브 볼륨 프리볼트 고데기 퍼플 OHA-031PU,8809822427468,오아 주식회사,2026-10-07,2026-10-06 14:14:34,21,21,0,직매입,N,,,,30016,27287,2729,630336,0,N
144144443,일반,거래처확인요청,56667264,오아 미니 핸디 무선 진공 소형 스틱 청소기 화이트 OCVC-006WH,8809822425945,오아 주식회사,2026-10-07,2026-10-06 14:14:34,5,5,0,직매입,N,,,,42746,38860,3886,213730,0,N
144144443,일반,거래처확인요청,52204284,보아르 스위프클링 침구청소기 전용 먼지 필터 1개 VET-128-CLOWH,8809822425013,오아 주식회사,2026-10-07,2026-10-06 14:14:34,3,3,0,직매입,N,,,,3283,2985,298,9849,0,N
144144443,일반,거래처확인요청,72182444,오아 메가에어라이트 BLDC 8단풍속 무드등 리모컨 스탠드 써큘레이터 OCCU-001SC,8809822429905,오아 주식회사,2026-10-07,2026-10-06 14:14:34,1,1,0,직매입,N,,,,64990,59082,5908,64990,0,N
144144443,일반,거래처확인요청,15826960,오아 뷰티 빗 고데기 스트레이트 매직기,8809487309437,오아 주식회사,2026-10-07,2026-10-06 14:14:34,2,2,0,직매입,N,,,,32026,29115,2911,64052,0,N
144144443,일반,거래처확인요청,61879892,오아 몬스터M 4in1 c to c 8핀 USB 휴대폰 멀티 고속 충전 케이블 블랙 1개 100cm,8809822427055,오아 주식회사,2026-10-07,2026-10-06 14:14:34,1,1,0,직매입,N,,,,4556,4142,414,4556,0,N
144144443,일반,거래처확인요청,31886592,오아 쁘띠컬링 속눈썹 고데기 V2 화이트 OJW-002WH,8809822422210,오아 주식회사,2026-10-07,2026-10-06 14:14:34,9,9,0,직매입,N,,,,23316,21196,2120,209844,0,N
144144443,일반,거래처확인요청,73893263,보아르 이지 전기포트 M1 접이식 분유포트 휴대용 미니 여행용 프리볼트 온도조절 커피포트 VPEP-006IV,8809822429882,오아 주식회사,2026-10-07,2026-10-06 14:14:34,141,141,0,직매입,N,,,,34362,31238,3124,4845042,0,N
144144443,일반,거래처확인요청,10646862,보아르 하티포트 무선 전기 유리 커피 티 포트,8809487306344,오아 주식회사,2026-10-07,2026-10-06 14:14:34,29,29,0,직매입,N,,,,25393,23085,2308,736397,0,N
144144443,일반,거래처확인요청,65179405,오아 포그밍L 온열 전기담요 OEBK-002BE 베이지 1800 x 1300 mm,8809822428007,오아 주식회사,2026-10-07,2026-10-06 14:14:34,304,304,0,직매입,N,,,,52930,48118,4812,16090720,0,N
144144443,일반,거래처확인요청,29258063,보아르 아띠랑스 무선 미니 전기포트 올 스텐 커피포트 화이트,8809822422005,오아 주식회사,2026-10-07,2026-10-06 14:14:34,7,7,0,직매입,N,,,,25326,23024,2302,177282,0,N
144144443,일반,거래처확인요청,68880617,오아 넥스트레쳐S 목 마사지기 스트레칭 EMS 저주파 베이지 OMSG-021BE,8809822427697,오아 주식회사,2026-10-07,2026-10-06 14:14:34,18,18,0,직매입,N,,,,33433,30394,3039,601794,0,N
144144443,일반,거래처확인요청,12362063,보아르 에이블 듀얼 에어프라이어 23리터 스텐 오븐 에어프라이기 가정용 대용량 에어후라이기,8809822425983,오아 주식회사,2026-10-07,2026-10-06 14:14:34,11,11,0,직매입,N,,,,92460,84055,8405,1017060,0,N
144144443,일반,거래처확인요청,56651667,오아 볼륨업 무선 빗 고데기 휴대용 미니 헤어 뿌리 고데기 화이트 OSTR-001WH,8809822425860,오아 주식회사,2026-10-07,2026-10-06 14:14:34,15,15,0,직매입,N,,,,33366,30333,3033,500490,0,N
144144443,일반,거래처확인요청,66546178,오아 폴딩풋스파 접이식 가정용 족탕기 화이트 OFBA-001WH,8809822428021,오아 주식회사,2026-10-07,2026-10-06 14:14:34,25,25,0,직매입,N,,,,36716,33378,3338,917900,0,N
144144443,일반,거래처확인요청,19104731,보아르 더온리제로 생수병 전기포트 휴대용 분유포트 여행용 커피포트 VPT-001WH,8809487309345,오아 주식회사,2026-10-07,2026-10-06 14:14:34,81,81,0,직매입,N,,,,46766,42515,4251,3788046,0,N
144144443,일반,거래처확인요청,60085614,오아 무선 뿌리 볼륨 휴대용 미니 헤어 고데기 5000베이지 OSTR-005BE,8809822426737,오아 주식회사,2026-10-07,2026-10-06 14:14:34,28,28,0,직매입,N,,,,26733,24303,2430,748524,0,N
144144443,일반,거래처확인요청,27515992,오아 클린이퓨어ProD화이트 OTS-005WH,8809822421879,오아 주식회사,2026-10-07,2026-10-06 14:14:34,13,13,0,직매입,N,,,,18626,16933,1693,242138,0,N
144144443,일반,거래처확인요청,38676914,오아 포그밍 전기담요 전자파 안심 EMF 전기요 네이비 130 x 180,8809822423248,오아 주식회사,2026-10-07,2026-10-06 14:14:34,11,11,0,직매입,N,,,,44890,40809,4081,493790,0,N
144144443,일반,거래처확인요청,78907465,오아 클린이스쿨 IPX8 좌우회전 어린이 음파 전동 칫솔 클라우디블루 1개 OETB-010CB,8800367920452,오아 주식회사,2026-10-07,2026-10-06 14:14:34,61,61,0,직매입,N,,,,27531,25028,2503,1679391,0,N
144144443,일반,거래처확인요청,59056260,보아르 폴더블 휴대용 접이식 프리볼트 여행용 전기포트 VPEP-004WH,8809822426270,오아 주식회사,2026-10-07,2026-10-06 14:14:34,25,25,0,직매입,N,,,,26733,24303,2430,668325,0,N
144144440,일반,거래처확인요청,14218803,오아 클린이베어 어린이 음파 전동칫솔 핑크,8809487308492,오아 주식회사,2026-10-07,2026-10-06 14:14:34,11,11,0,직매입,N,,,,16281,14801,1480,179091,0,N
144144438,일반,거래처확인요청,72910683,오아 클린이스윙P 좌우 회전 무선 음파 전동 칫솔 미세모 진동 포그밀크 1개 OETB-008FM,8809822429622,오아 주식회사,2026-10-07,2026-10-06 14:14:34,3,3,0,직매입,N,,,,30016,27287,2729,90048,0,N
144144438,일반,거래처확인요청,58084222,오아 덴티스윙 좌우 회전 음파 전동칫솔 블랙 1세트 OETB-003WH,8809822426225,오아 주식회사,2026-10-07,2026-10-06 14:14:34,2,2,0,직매입,N,,,,33433,30394,3039,66866,0,N
144144438,일반,거래처확인요청,50723598,보아르 슈즈쏙 신발 건조기 휴대용 운동화 소독 살균 관리 냄새제거,8809822425341,오아 주식회사,2026-10-07,2026-10-06 14:14:34,151,151,0,직매입,N,,,,26733,24303,2430,4036683,0,N
144144438,일반,거래처확인요청,53297446,보아르 포스N25 핸디 핸드 원룸 진공 무선청소기 화이트 VCVC-007WH,8809822425372,오아 주식회사,2026-10-07,2026-10-06 14:14:34,3,3,0,직매입,N,,,,92460,84055,8405,277380,0,N
144144438,일반,거래처확인요청,76374401,오아 올리미 속눈썹 고데기 온열 히팅 뷰러 화이트 OHEC-002WH,8800367920360,오아 주식회사,2026-10-07,2026-10-06 14:14:34,17,17,0,직매입,N,,,,16491,14992,1499,280347,0,N
144144438,일반,거래처확인요청,52155415,오아 보풀리 보풀제거기 옷 니트 가디건 보풀 제거 화이트 OFBS-001WH,8809822425334,오아 주식회사,2026-10-07,2026-10-06 14:14:34,38,38,0,직매입,N,,,,15343,13948,1395,583034,0,N
144144438,일반,거래처확인요청,51533853,오아 오토셋 웨이브 뿌리 볼륨 봉고데기 화이트 OHA-029BL,8809822424726,오아 주식회사,2026-10-07,2026-10-06 14:14:34,2,2,0,직매입,N,,,,40066,36424,3642,80132,0,N
144144438,일반,거래처확인요청,66896364,오아 스톰젯 무선 미니 초강력 터보 에어건 컴퓨터 청소 캠핑용 가정용 메탈그레이 OCVC-008MG,8809822427925,오아 주식회사,2026-10-07,2026-10-06 14:14:34,3,3,0,직매입,N,,,,40133,36485,3648,120399,0,N
144144438,일반,거래처확인요청,68462854,오아 퀵차지탱크 PD 대용량100W 고속충전 보조배터리 20000mAh 블랙 OBAT-003BK,8809822428489,오아 주식회사,2026-10-07,2026-10-06 14:14:34,2,2,0,직매입,N,,,,40066,36424,3642,80132,0,N
144144438,일반,거래처확인요청,13644995,보아르 혼요 미니 전기 밥솥 1.2L,8809487308416,오아 주식회사,2026-10-07,2026-10-06 14:14:34,8,8,0,직매입,N,,,,30016,27287,2729,240128,0,N
144144438,일반,거래처확인요청,46543317,보아르 다이닝 올 스텐 무선 전기포트 2L 대용량 보온 커피포트,8809822424894,오아 주식회사,2026-10-07,2026-10-06 14:14:34,17,17,0,직매입,N,,,,30016,27287,2729,510272,0,N
144144438,일반,거래처확인요청,67191572,오아 무선 휴대용 볼트건 안마기 OMSG-024BK 블랙,8809822427918,오아 주식회사,2026-10-07,2026-10-06 14:14:34,17,17,0,직매입,N,,,,26733,24303,2430,454461,0,N
144144438,일반,거래처확인요청,76241042,오아 씬플로우 BLDC 고속 헤어 드라이기 1000W 메탈그레이 ODRY-010MG,8800367920353,오아 주식회사,2026-10-07,2026-10-06 14:14:34,8,8,0,직매입,N,,,,54510,49555,4955,436080,0,N
144144438,일반,거래처확인요청,40640374,오아 전기 온열찜질기 OMS-028DG,8809822424085,오아 주식회사,2026-10-07,2026-10-06 14:14:34,36,36,0,직매입,N,,,,26666,24242,2424,959976,0,N
144144438,일반,거래처확인요청,54145830,오아 그립인 스마트 체중계 가정용 체지방 디지털 체성분 측정기 OSCA-001WH,8809822425495,오아 주식회사,2026-10-07,2026-10-06 14:14:34,3,3,0,직매입,N,,,,52930,48118,4812,158790,0,N
144144438,일반,거래처확인요청,45573288,오아 턴에어Pro 미니 탁상용 무선 선풍기 서큘레이터 화이트 OFN-061WH,8809822424764,오아 주식회사,2026-10-07,2026-10-06 14:14:34,5,5,0,직매입,N,,,,30083,27348,2735,150415,0,N
144144438,일반,거래처확인요청,61760141,보아르 모노0.8L 스텐 316 분유 보온 온도조절 전기 주전자 VHEP-003WH,8809822426676,오아 주식회사,2026-10-07,2026-10-06 14:14:34,36,36,0,직매입,N,,,,30016,27287,2729,1080576,0,N
144144438,일반,거래처확인요청,50153946,보아르 미니 여행용 트래블스티머 다리미 화이트 VIR-008WH,8809822425020,오아 주식회사,2026-10-07,2026-10-06 14:14:34,2,2,0,직매입,N,,,,20971,19065,1906,41942,0,N
144144438,일반,거래처확인요청,39147133,오아 스마트 체지방 체성분 핸드바 체중계PRO 화이트 OWM-005WH,8809822423842,오아 주식회사,2026-10-07,2026-10-06 14:14:34,4,4,0,직매입,N,,,,51590,46900,4690,206360,0,N
144144438,일반,거래처확인요청,50875168,오아 커버넥 무선 목 어깨 온열 마사지기 베이지 OMSG-010BE,8809822425426,오아 주식회사,2026-10-07,2026-10-06 14:14:34,8,8,0,직매입,N,,,,58826,53478,5348,470608,0,N
144144438,일반,거래처확인요청,32711387,오아 클린이소프트 시리즈 전용 리필 미세모 블랙 2P 1개 OET-078-OTOBK,8809487308768,오아 주식회사,2026-10-07,2026-10-06 14:14:34,3,3,0,직매입,N,,,,4020,3655,365,12060,0,N
144144438,일반,거래처확인요청,37034524,오아 스트레칭 마사지기 전신 목 어깨 허리 안마기 에어 안마 매트,8809822422814,오아 주식회사,2026-10-07,2026-10-06 14:14:34,2,2,0,직매입,N,,,,118590,107809,10781,237180,0,N
144144438,일반,거래처확인요청,34320929,오아 라운드 미니 탁상용 무선 휴대용 USB BLDC 선풍기 베이지,8809822422364,오아 주식회사,2026-10-07,2026-10-06 14:14:34,2,2,0,직매입,N,,,,16013,14557,1456,32026,0,N
144144438,일반,거래처확인요청,34320928,오아 라운드 미니 탁상용 무선 휴대용 USB BLDC 선풍기 화이트,8809822422401,오아 주식회사,2026-10-07,2026-10-06 14:14:34,2,2,0,직매입,N,,,,16013,14557,1456,32026,0,N
144144438,일반,거래처확인요청,39270777,오아 터치펜M 애플펜슬 2세대 호환 스타일러스 아이패드 터치 팬슬 스마트펜 화이트 1개,8809822423521,오아 주식회사,2026-10-07,2026-10-06 14:14:34,2,2,0,직매입,N,,,,13266,12060,1206,26532,0,N
144144438,일반,거래처확인요청,52270898,오아 버블풋 접이식 족욕기 습식 발 가정용 족탕기 화이트 OMS-024WH,8809822423156,오아 주식회사,2026-10-07,2026-10-06 14:14:34,13,13,0,직매입,N,,,,36046,32769,3277,468598,0,N
144144438,일반,거래처확인요청,67630646,오아 뮤직씽크 미니 휴대용 초음파 가습기 사무실 책상 탁상용 듀얼 필터 음성인식 무드등 화이트 OUHU-010WH,8809822425655,오아 주식회사,2026-10-07,2026-10-06 14:14:34,1,1,0,직매입,N,,,,25393,23085,2308,25393,0,N
144144438,일반,거래처확인요청,36608029,오아 아이템플 OMS-025WH,8809822423187,오아 주식회사,2026-10-07,2026-10-06 14:14:34,11,11,0,직매입,N,,,,46230,42027,4203,508530,0,N
144144438,일반,거래처확인요청,63742200,보아르 아가온 분유포트 3000ml 대용량 보온 원터치 출수 분리형 물통 VBNM-002WH,8809822427123,오아 주식회사,2026-10-07,2026-10-06 14:14:34,6,6,0,직매입,N,,,,86430,78573,7857,518580,0,N
144144438,일반,거래처확인요청,22119013,보아르 워시 B 핸디 살균 스팀 청소기,8809822420803,오아 주식회사,2026-10-07,2026-10-06 14:14:34,7,7,0,직매입,N,,,,64923,59021,5902,454461,0,N
144144438,일반,거래처확인요청,55610213,오아 레그스파 EMS 종아리 마사지 공기압 저주파 다리 안마 퍼플 OMSG-016NV 양쪽착용,8809822425884,오아 주식회사,2026-10-07,2026-10-06 14:14:34,1,1,0,직매입,N,,,,65660,59691,5969,65660,0,N
144144438,일반,거래처확인요청,64808932,오아 심플리 고데기 OSTR-006IV 아이보리,8809822427680,오아 주식회사,2026-10-07,2026-10-06 14:14:34,36,36,0,직매입,N,,,,18693,16994,1699,672948,0,N
144144438,일반,거래처확인요청,40771157,보아르 아가맘마 통유리 보온 퓨어 분유포트,8809822423934,오아 주식회사,2026-10-07,2026-10-06 14:14:34,2,2,0,직매입,N,,,,46230,42027,4203,92460,0,N
144144438,일반,거래처확인요청,12263163,오아 데일리 고데기 판 볼륨 앞머리 프리볼트 매직기,8809487307372,오아 주식회사,2026-10-07,2026-10-06 14:14:34,18,18,0,직매입,N,,,,33366,30333,3033,600588,0,N
144144438,일반,거래처확인요청,35137369,오아 라운드 멀티팬 휴대용 미니 소형 문어발 탁상용 아기 유모차 선풍기,8809822422647,오아 주식회사,2026-10-07,2026-10-06 14:14:34,4,4,0,직매입,N,,,,17112,15556,1556,68448,0,N
144144438,일반,거래처확인요청,12496637,오아 퓨어라인 실리콘 진동 클렌저 얼굴 전동 마사지기 피부 홈케어 클렌징 기계,8809487307792,오아 주식회사,2026-10-07,2026-10-06 14:14:34,9,9,0,직매입,N,,,,26666,24242,2424,239994,0,N
144144438,일반,거래처확인요청,38310913,오아 폴드I 3in1 접이식 무선충전기 애플 아이폰 휴대용 고속 충전 에어팟 애플워치 호환,8809822422999,오아 주식회사,2026-10-07,2026-10-06 14:14:34,4,4,0,직매입,N,,,,19966,18151,1815,79864,0,N
144144438,일반,거래처확인요청,53776254,오아 멀티쉐이버 전기 전동 휴대용 면도기블랙 OERZ-001BK,8809822425464,오아 주식회사,2026-10-07,2026-10-06 14:14:34,3,3,0,직매입,N,,,,21976,19978,1998,65928,0,N
144144438,일반,거래처확인요청,11670520,오아 히팅마스크 피부 관리기 마사지기 얼굴 마스크 시트 팩 뷰티디바이스 피부미용기기 피부홈케어,8809487307266,오아 주식회사,2026-10-07,2026-10-06 14:14:34,1,1,0,직매입,N,,,,23316,21196,2120,23316,0,N
144144438,일반,거래처확인요청,39239709,오아 무선 에어건S 초강력 미니 먼지제거 청소기 OCL-033WH,8809822423811,오아 주식회사,2026-10-07,2026-10-06 14:14:34,6,6,0,직매입,N,,,,44756,40687,4069,268536,0,N
144144438,일반,거래처확인요청,60133592,오아 다리마사지기 온열 종아리 발 안마기 네이비 OMSG-019,8809822426720,오아 주식회사,2026-10-07,2026-10-06 14:14:34,2,2,0,직매입,N,,,,46766,42515,4251,93532,0,N
144144437,일반,거래처확인요청,10155238,보아르 모아1000 미니 공기청정 제습기 소형 원룸 화장실 드레스룸 옷방 욕실,8809487306092,오아 주식회사,2026-10-07,2026-10-06 14:14:34,4,4,0,직매입,N,,,,60720,55200,5520,242880,0,N
144144426,일반,거래처확인요청,11288089,오아 굿모닝 무선 베개 안마기 목 어깨 쿠션 온열 마사지기 OA-MA029,8809487306863,오아 주식회사,2026-10-07,2026-10-06 14:14:34,3,3,0,직매입,N,,,,52863,48057,4806,158589,0,N
144144426,일반,거래처확인요청,10124384,오아 넥앤숄더 고급 안마기 온열 목 어깨 마사지기 OA-MA010,8809487306054,오아 주식회사,2026-10-07,2026-10-06 14:14:34,3,3,0,직매입,N,,,,52193,47448,4745,156579,0,N
144144426,일반,거래처확인요청,12263239,오아 굿나잇 온열안대 눈 수면안대 눈찜질 아이마스크,8809487306924,오아 주식회사,2026-10-07,2026-10-06 14:14:34,1,1,0,직매입,N,,,,19966,18151,1815,19966,0,N
144144426,일반,거래처확인요청,13745117,오아 슈퍼건 안마기 초소형 휴대용 무선 핸디 전동 마사지건 진동 마사지기 승모근 마사지,8809487308836,오아 주식회사,2026-10-07,2026-10-06 14:14:34,7,7,0,직매입,N,,,,26666,24242,2424,186662,0,N
144144426,일반,거래처확인요청,11104533,오아 손편한세상 무선 손 안마기 핸드 손목 마사지기 손가락 지압기,8809487307143,오아 주식회사,2026-10-07,2026-10-06 14:14:34,1,1,0,직매입,N,,,,51590,46900,4690,51590,0,N
144144426,일반,거래처확인요청,8122806,오아 아이프로 안마기 무선 눈 마사지기 기계 온열 찜질기,8809487305095,오아 주식회사,2026-10-07,2026-10-06 14:14:34,17,17,0,직매입,N,,,,45560,41418,4142,774520,0,N
144144426,일반,거래처확인요청,10858043,오아 트래블러 여행용 무선 목베개 마사지기 안마기 OA-MA028,8809487306702,오아 주식회사,2026-10-07,2026-10-06 14:14:34,2,2,0,직매입,N,,,,16181,14710,1471,32362,0,N
144144426,일반,거래처확인요청,15414324,오아 아이콕 눈 안마기 무선 마사지기 기계 온열 찜질기,8809487309130,오아 주식회사,2026-10-07,2026-10-06 14:14:34,3,3,0,직매입,N,,,,25326,23024,2302,75978,0,N
144144426,일반,거래처확인요청,14107560,오아 바디스팟 knee EMS 저주파 자극 무릎 안마기 무선 미니 어깨 마사지기,8809487308829,오아 주식회사,2026-10-07,2026-10-06 14:14:34,1,1,0,직매입,N,,,,30016,27287,2729,30016,0,N
144144426,일반,거래처확인요청,12439390,"오아 바디스팟S 저주파 EMS 휴대용 전신 미니 마사지 본체+바디패드3p, OA-MA021",8809487306405,오아 주식회사,2026-10-07,2026-10-06 14:14:34,14,14,0,직매입,N,,,,19966,18151,1815,279524,0,N
144144415,일반,거래처확인요청,11291291,보아르 모아M1000 필터,8809487306139,오아 주식회사,2026-10-07,2026-10-06 14:14:34,3,3,0,직매입,N,,,,8978,8162,816,26934,0,N
144144415,일반,거래처확인요청,15812678,보아르v에어43 공기청정기 필터 VET-063-APOWH,8809487307907,오아 주식회사,2026-10-07,2026-10-06 14:14:34,1,1,0,직매입,N,,,,23048,20953,2095,23048,0,N
144144415,일반,거래처확인요청,3636927,오아 무드 500 미니 초음파 탁상용 가습기,8809487302032,오아 주식회사,2026-10-07,2026-10-06 14:14:34,80,80,0,직매입,N,,,,21976,19978,1998,1758080,0,N
144144415,일반,거래처확인요청,12143584,"보아르 휘겔리 공기청정기 완전필터 시리즈 스탠다드 프리미엄 펫팸 필터, 펫팸 필터 E0151",8809487307419,오아 주식회사,2026-10-07,2026-10-06 14:14:34,4,4,0,직매입,N,,,,12998,11816,1182,51992,0,N
144144415,일반,거래처확인요청,11192163,보아르 그린에어 공기청정기 교체용 필터,8809487306757,오아 주식회사,2026-10-07,2026-10-06 14:14:34,4,4,0,직매입,N,,,,14338,13035,1303,57352,0,N
144144415,일반,거래처확인요청,11192166,오아 퓨어 공기청정기 교체용 필터,8809487306214,오아 주식회사,2026-10-07,2026-10-06 14:14:34,2,2,0,직매입,N,,,,5963,5421,542,11926,0,N
144144415,일반,거래처확인요청,12091621,보아르 V에어46 공기청정기 프리미엄 필터,8809487307280,오아 주식회사,2026-10-07,2026-10-06 14:14:34,2,2,0,직매입,N,,,,26398,23998,2400,52796,0,N
144144415,일반,거래처확인요청,9567647,오아 안개 1000 미니 초음파 탁상용 가습기,8809487305927,오아 주식회사,2026-10-07,2026-10-06 14:14:34,23,23,0,직매입,N,,,,29413,26739,2674,676499,0,N
144144415,일반,거래처확인요청,10324264,오아 퓨어미니 공기청정기,8809487306146,오아 주식회사,2026-10-07,2026-10-06 14:14:34,31,31,0,직매입,N,,,,23316,21196,2120,722796,0,N
144144398,일반,거래처확인요청,64212381,오아 오토 헤어 웨이브 자동 롤러 볼륨 고데기 36mm 블루 OSTR-003BL,8809822427574,오아 주식회사,2026-10-07,2026-10-06 14:14:34,38,38,0,직매입,N,,,,36783,33439,3344,1397754,0,N
144144398,일반,거래처확인요청,61929727,보아르 아가쑥쑥 분유 쉐이커 무선 전동 보온 휴대용 자동 VBTW-002WH,8809822426935,오아 주식회사,2026-10-07,2026-10-06 14:14:34,22,22,0,직매입,N,,,,30083,27348,2735,661826,0,N
144144398,일반,거래처확인요청,69767288,보아르 비드틱S 수비드머신 온도조절 스테인리스 304 진공 조리기 VSVM-001BK,8809822428700,오아 주식회사,2026-10-07,2026-10-06 14:14:34,34,34,0,직매입,N,,,,66330,60300,6030,2255220,0,N
144144398,일반,거래처확인요청,52872566,오아 포그밍L 전기 무릎 온열 담요 캠핑 휴대용 전기요 네이비 1800X1300 OEBK-002NV,8809822425747,오아 주식회사,2026-10-07,2026-10-06 14:14:34,22,22,0,직매입,N,,,,51590,46900,4690,1134980,0,N
144144398,일반,거래처확인요청,66778787,오아 미니핏 휴대용 고데기베이지 OSTR-008BE,8809822428113,오아 주식회사,2026-10-07,2026-10-06 14:14:34,12,12,0,직매입,N,,,,17353,15775,1578,208236,0,N
144144398,일반,거래처확인요청,39030281,오아 아기 신생아 체중계 디지털 전자 유아 체중계 키 측정,8809822423644,오아 주식회사,2026-10-07,2026-10-06 14:14:34,4,4,0,직매입,N,,,,26666,24242,2424,106664,0,N
144144398,일반,거래처확인요청,77463489,오아 에어스트레이트 2in1 헤어스타일러 항공모터 드라이기 음이온 고데기 핑크 ODRY-012PK,8800367920544,오아 주식회사,2026-10-07,2026-10-06 14:14:34,9,9,0,직매입,N,,,,102810,93464,9346,925290,0,N
144144398,일반,거래처확인요청,66358440,오아 히트워머 무선 온열 허리 찜질기 복부 배 마사지기 OMTM-004PK 핑크,8809822428069,오아 주식회사,2026-10-07,2026-10-06 14:14:34,113,113,0,직매입,N,,,,21976,19978,1998,2483288,0,N
144144398,일반,거래처확인요청,50154913,보아르 스위프클링 살균 핸디 침구 매트리스 침대 청소기 화이트 VCL-034WH,8809822424986,오아 주식회사,2026-10-07,2026-10-06 14:14:34,19,19,0,직매입,N,,,,32026,29115,2911,608494,0,N
144144398,일반,거래처확인요청,39663616,오아 클린이워터S 휴대용 무선 구강세정기 OOR-013WH,8809822423453,오아 주식회사,2026-10-07,2026-10-06 14:14:34,29,29,0,직매입,N,,,,25326,23024,2302,734454,0,N
144144398,일반,거래처확인요청,12481760,보아르 에이블나인 가정용 캠핑용 자동세척 급속 제빙기 실버,8809487307600,오아 주식회사,2026-10-07,2026-10-06 14:14:34,2,2,0,직매입,N,,,,95910,87191,8719,191820,0,N
144144398,일반,거래처확인요청,66778788,오아 미니핏 휴대용 고데기 블루 OSTR-008BL,8809822428120,오아 주식회사,2026-10-07,2026-10-06 14:14:34,13,13,0,직매입,N,,,,17353,15775,1578,225589,0,N
144144398,일반,거래처확인요청,77463490,오아 에어스트레이트 2in1 헤어스타일러 항공모터 드라이기 음이온 고데기 베이지 ODRY-012BE,8800367920537,오아 주식회사,2026-10-07,2026-10-06 14:14:34,10,10,0,직매입,N,,,,102810,93464,9346,1028100,0,N
144144398,일반,거래처확인요청,12481759,보아르 에이블나인 가정용 캠핑용 자동세척 급속 제빙기 블랙,8809487307594,오아 주식회사,2026-10-07,2026-10-06 14:14:34,2,2,0,직매입,N,,,,95910,87191,8719,191820,0,N
144144398,일반,거래처확인요청,62421723,오아 휴대용 탭탭 무선 미니 블루투스 스피커 BUTTER YELLOW OSPK-005YE,8809822426966,오아 주식회사,2026-10-07,2026-10-06 14:14:34,5,5,0,직매입,N,,,,15343,13948,1395,76715,0,N
144144398,일반,거래처확인요청,67891311,오아 온열찜질기W 허리 배 어깨 복부 무릎 전기 찜질팩 베이지 OMTM-003BE,8809822428137,오아 주식회사,2026-10-07,2026-10-06 14:14:34,19,19,0,직매입,N,,,,26733,24303,2430,507927,0,N
144144398,일반,거래처확인요청,59944694,오아 쿨더마 갈바닉 EMS 홈케어 얼굴 피부 마사지기 화이트 OGVN-001WH,8809822426393,오아 주식회사,2026-10-07,2026-10-06 14:14:34,25,25,0,직매입,N,,,,28743,26130,2613,718575,0,N
144144398,일반,거래처확인요청,12757668,오아 디지털 LED 체중계 몸무게 전자 저울 측정기,8809487307747,오아 주식회사,2026-10-07,2026-10-06 14:14:34,2,2,0,직매입,N,,,,13266,12060,1206,26532,0,N
144144398,일반,거래처확인요청,18980681,오아 바디스팟W 손목 마사지기 OMS-017BK,8809822420117,오아 주식회사,2026-10-07,2026-10-06 14:14:34,4,4,0,직매입,N,,,,19966,18151,1815,79864,0,N
144144398,일반,거래처확인요청,38412071,오아 풋터치형 2단 스퀘어 미니 각도조절 회전 발난로 베이지 OHT-016BE,8809822421909,오아 주식회사,2026-10-07,2026-10-06 14:14:34,53,53,0,직매입,N,,,,20033,18212,1821,1061749,0,N
144144398,일반,거래처확인요청,64778161,오아 베이직 휴대용 미니 헤어 뿌리 볼륨 빗고데기 블루 OSTR-002BL1,8809822429530,오아 주식회사,2026-10-07,2026-10-06 14:14:34,14,14,0,직매입,N,,,,20033,18212,1821,280462,0,N
144144398,일반,거래처확인요청,34330469,오아 라운드 핸디팬 무선 휴대용 USB 초경량 미니 손 선풍기 베이지 OFN-046BE,8809822422357,오아 주식회사,2026-10-07,2026-10-06 14:14:34,2,2,0,직매입,N,,,,11256,10233,1023,22512,0,N
144144398,일반,거래처확인요청,43431417,오아 퀵차지 PD/QC 3.0 고속충전 대용량 보조배터리 10000mAh 화이트 OBA-032WH,8809822424320,오아 주식회사,2026-10-07,2026-10-06 14:14:34,1,1,0,직매입,N,,,,18626,16933,1693,18626,0,N
144144398,일반,거래처확인요청,38490171,오아 스퀘어 미니 휴대용 초음파 탁상용 무선 가습기 베이지 OHM-068BE,8809822423132,오아 주식회사,2026-10-07,2026-10-06 14:14:34,180,180,0,직매입,N,,,,14606,13278,1328,2629080,0,N
144144398,일반,거래처확인요청,18291047,보아르 아가맘마 보틀워머 젖병 살균기 모유 분유 이유식 해동 중탕기,8809487309727,오아 주식회사,2026-10-07,2026-10-06 14:14:34,5,5,0,직매입,N,,,,38726,35205,3521,193630,0,N
144144398,일반,거래처확인요청,55462718,오아 슬림에어 BLDC 헤어 고속 미니 드라이어 블랙 ODRY-002BK,8809822425785,오아 주식회사,2026-10-07,2026-10-06 14:14:34,2,2,0,직매입,N,,,,39396,35815,3581,78792,0,N
144144398,일반,거래처확인요청,50709616,오아 에어 핸드 손 마사지기 무선 온열 손목 안마기 화이트 OMSG-009WH,8809822425297,오아 주식회사,2026-10-07,2026-10-06 14:14:34,4,4,0,직매입,N,,,,58893,53539,5354,235572,0,N
144144398,일반,거래처확인요청,42051062,보아르 스테인리스 304 다이닝 토스트기 VDT-001IV,8809822424498,오아 주식회사,2026-10-07,2026-10-06 14:14:34,14,14,0,직매입,N,,,,40133,36485,3648,561862,0,N
144144398,일반,거래처확인요청,52211558,오아 투게더 헤드폰 무선 블루투스 노이즈캔슬링 접이식 헤드셋 아이보리 OEAP-002IV,8809822425457,오아 주식회사,2026-10-07,2026-10-06 14:14:34,1,1,0,직매입,N,,,,21976,19978,1998,21976,0,N
144144398,일반,거래처확인요청,40982029,오아 허그워머 무선 온열 전기 찜질기 OMS-027WH,8809822424184,오아 주식회사,2026-10-07,2026-10-06 14:14:34,21,21,0,직매입,N,,,,23316,21196,2120,489636,0,N
144144398,일반,거래처확인요청,13373616,오아 디지털 LED 스마트 인바디 체지방 체중계 몸무게 전자 저울 측정기,8809487307730,오아 주식회사,2026-10-07,2026-10-06 14:14:34,2,2,0,직매입,N,,,,16616,15105,1511,33232,0,N
144144398,일반,거래처확인요청,66417803,보아르 듀얼 히팅 에어프라이어8L 대용량 상하열선 투명 바스켓 에어프라이기 그릴 오븐형 에어후라이기 블랙 VAFR-004BK,8809822427796,오아 주식회사,2026-10-07,2026-10-06 14:14:34,29,29,0,직매입,N,,,,79730,72482,7248,2312170,0,N
144144398,일반,거래처확인요청,51898514,오아 듀얼미스트 미니 휴대용 탁상용 무선가습기 베이지OA-HM048_1,8809822422067,오아 주식회사,2026-10-07,2026-10-06 14:14:34,107,107,0,직매입,N,,,,19966,18151,1815,2136362,0,N
144144398,일반,거래처확인요청,75077119,보아르 슈트쏙 미니 의류관리기 휴대용 살균 소형 건조기 화이트 VCDM-002WH,8800367920513,오아 주식회사,2026-10-07,2026-10-06 14:14:34,13,13,0,직매입,N,,,,34431,31301,3130,447603,0,N
144144398,일반,거래처확인요청,61760291,보아르 다이닝 저당 밥솥 미니 6인용 스텐 아이보리 VERC-004IV,8809822426614,오아 주식회사,2026-10-07,2026-10-06 14:14:34,5,5,0,직매입,N,,,,59630,54209,5421,298150,0,N
144144398,일반,거래처확인요청,25433097,오아 클린이펭귄 유아 음파 전동칫솔 핑크 OOT-006PK,8809487308515,오아 주식회사,2026-10-07,2026-10-06 14:14:34,10,10,0,직매입,N,,,,8241,7492,749,82410,0,N
144144398,일반,거래처확인요청,26491140,오아 코털제거기 USB충전식 3In1 눈썹 구레나룻 정리기 OSK-005BK 블랙,8809822421251,오아 주식회사,2026-10-07,2026-10-06 14:14:34,1,1,0,직매입,N,,,,13266,12060,1206,13266,0,N
144144398,일반,거래처확인요청,65145714,보아르 위셀 음식물처리기 AI 음식물 쓰레기 가정용 대용량 건조 분쇄기 화이트,8809822427710,오아 주식회사,2026-10-07,2026-10-06 14:14:34,8,8,0,직매입,N,,,,213060,193691,19369,1704480,0,N
144144398,일반,거래처확인요청,65181042,오아 포그밍L 코듀 전기 무릎 온열 담요 캠핑 휴대용 전기요 1800*1300 OEBK-002LA,8809822427994,오아 주식회사,2026-10-07,2026-10-06 14:14:34,74,74,0,직매입,N,,,,66330,60300,6030,4908420,0,N
144144398,일반,거래처확인요청,52874174,오아 포그니 발 온열 찜질기 다크그레이 OMTM-001DG,8809822425518,오아 주식회사,2026-10-07,2026-10-06 14:14:34,137,137,0,직매입,N,,,,26666,24242,2424,3653242,0,N
144144398,일반,거래처확인요청,11156528,"오아 쁘띠케어 2in1 온열 진동 갈바닉 클렌저,OA-BU024",8809487307006,오아 주식회사,2026-10-07,2026-10-06 14:14:34,4,4,0,직매입,N,,,,30016,27287,2729,120064,0,N
144144398,일반,거래처확인요청,78867502,오아 모근제거기 4in1 바디트리머 각질 제거 전기 제모기 OERZ-003WH 모근제거기,8809822429592,오아 주식회사,2026-10-07,2026-10-06 14:14:34,13,13,0,직매입,N,,,,29601,26910,2691,384813,0,N
144144398,일반,거래처확인요청,68677002,오아 제로터치 바디 트리머 제모 전기 눈썹정리기 OERZ-002WH 화이트,8809822428496,오아 주식회사,2026-10-07,2026-10-06 14:14:34,2,2,0,직매입,N,,,,20033,18212,1821,40066,0,N
144144398,일반,거래처확인요청,65933937,오아 듀얼 무선 미니 가습기 클라우디블루 OUHU-015CB,8809822428250,오아 주식회사,2026-10-07,2026-10-06 14:14:34,86,86,0,직매입,N,,,,26666,24242,2424,2293276,0,N
144144398,일반,거래처확인요청,60542212,오아 무선S 뿌리 볼륨 미니 휴대용 헤어 고데기 화이트 OSTR-004WH,8809822426867,오아 주식회사,2026-10-07,2026-10-06 14:14:34,6,6,0,직매입,N,,,,19966,18151,1815,119796,0,N
144144398,일반,거래처확인요청,76375597,오아 컬리미 속눈썹 고데기 온열 히팅 뷰러 화이트 OHEC-003WH,8800367920384,오아 주식회사,2026-10-07,2026-10-06 14:14:34,6,6,0,직매입,N,,,,16491,14992,1499,98946,0,N
144144398,일반,거래처확인요청,39071990,오아 클린보틀 전용 헤파필터 OA-ET002,8809487307136,오아 주식회사,2026-10-07,2026-10-06 14:14:34,1,1,0,직매입,N,,,,3953,3594,359,3953,0,N
144144398,일반,거래처확인요청,76375598,오아 컬리미 속눈썹 고데기 온열 히팅 뷰러 핑크 OHEC-003PK,8800367920391,오아 주식회사,2026-10-07,2026-10-06 14:14:34,9,9,0,직매입,N,,,,16491,14992,1499,148419,0,N
144144398,일반,거래처확인요청,70251147,보아르 이지업 텀블렌더 대용량 휴대용 믹서기 무선 과일 블렌더 VBLD-005IV,8809822428625,오아 주식회사,2026-10-07,2026-10-06 14:14:34,24,24,0,직매입,N,,,,30083,27348,2735,721992,0,N
144144398,일반,거래처확인요청,65566541,보아르 더글라스 가열식 가습기 아기 무드등 대용량 물멍,8809822427949,오아 주식회사,2026-10-07,2026-10-06 14:14:34,12,12,0,직매입,N,,,,99830,90755,9075,1197960,0,N
144144384,일반,거래처확인요청,3636926,오아 무드 1000 미니 초음파 탁상용 가습기,8809487302049,오아 주식회사,2026-10-07,2026-10-06 14:14:34,175,175,0,직매입,N,,,,26666,24242,2424,4666550,0,N
144144351,일반,거래처확인요청,12673237,"보아르 포스D14 셀프 스탠딩 무선 청소기, VCL-004WH, 화이트",8809487307457,오아 주식회사,2026-10-07,2026-10-06 14:14:34,12,12,0,직매입,N,,,,73030,66391,6639,876360,0,N
144144351,일반,거래처확인요청,12126317,"box_오아 클린스틱 핸디형 BLDC 스틱 무선청소기 OA-CL010, 화이트",8809487307549,오아 주식회사,2026-10-07,2026-10-06 14:14:34,11,11,0,직매입,N,,,,49446,44951,4495,543906,0,N
144144351,일반,거래처확인요청,11511332,오아 아이로너 터보 핸디형 살균 스팀다리미 빠른예열 OA-DA001 화이트,8809487306917,오아 주식회사,2026-10-07,2026-10-06 14:14:34,1,1,0,직매입,N,,,,26666,24242,2424,26666,0,N
144144351,일반,거래처확인요청,15795597,"오아 클린스틱 핸디형 무선청소기, 블랙",8809487309239,오아 주식회사,2026-10-07,2026-10-06 14:14:34,3,3,0,직매입,N,,,,49446,44951,4495,148338,0,N
144144351,일반,거래처확인요청,17579394,보아르 딥슬립클링 UV살균 듀얼진동 침구청소기 딥슬립클링 VCL-021WH,8809487309956,오아 주식회사,2026-10-07,2026-10-06 14:14:34,6,6,0,직매입,N,,,,33366,30333,3033,200196,0,N
144144351,일반,거래처확인요청,14488275,보아르 워터스핀B1 무선 물걸레 청소기 VCL-014WH,8809487309154,오아 주식회사,2026-10-07,2026-10-06 14:14:34,4,4,0,직매입,N,,,,43416,39469,3947,173664,0,N
144144351,일반,거래처확인요청,12579597,보아르 스티머인젝터 핸디형 스팀다리미 VIR-002WH,8809487308072,오아 주식회사,2026-10-07,2026-10-06 14:14:34,4,4,0,직매입,N,,,,25326,23024,2302,101304,0,N
144144344,일반,거래처확인요청,13101218,오아 클린이소프트R 자동압력센서 롤링터치 음파 전동 칫솔 블랙,8809487308133,오아 주식회사,2026-10-07,2026-10-06 14:14:33,25,25,0,직매입,N,,,,29346,26678,2668,733650,0,N
144144344,일반,거래처확인요청,12465755,오아 클린이 소프트 자동 압력센서 음파 전동칫솔 블랙,8809487307785,오아 주식회사,2026-10-07,2026-10-06 14:14:33,7,7,0,직매입,N,,,,24656,22415,2241,172592,0,N
144144344,일반,거래처확인요청,13101217,오아 클린이소프트R 자동압력센서 롤링터치 음파 전동 칫솔 화이트,8809487308126,오아 주식회사,2026-10-07,2026-10-06 14:14:33,4,4,0,직매입,N,,,,29346,26678,2668,117384,0,N
144144344,일반,거래처확인요청,12685386,오아 클린이퓨어 Air LED무선 칫솔 살균 건조기,8809487308089,오아 주식회사,2026-10-07,2026-10-06 14:14:33,4,4,0,직매입,N,,,,23316,21196,2120,93264,0,N
144144344,일반,거래처확인요청,14134778,오아 클린이 소프트 시리즈 전용 미세모 리필 칫솔모 블랙4ea,8809487308782,오아 주식회사,2026-10-07,2026-10-06 14:14:33,18,18,0,직매입,N,,,,7638,6944,694,137484,0,N
144144344,일반,거래처확인요청,12674974,오아 클린이 소프트B 자동 압력센서 음파 전동 칫솔 블랙,8809487308119,오아 주식회사,2026-10-07,2026-10-06 14:14:33,29,29,0,직매입,N,,,,22646,20587,2059,656734,0,N
144144344,일반,거래처확인요청,14473529,오아 유아용 클린이펭귄 블루 + 핑크 음파 전동 칫솔 세트,8809487309314,오아 주식회사,2026-10-07,2026-10-06 14:14:33,2,2,0,직매입,N,,,,15477,14070,1407,30954,0,N
144129158,일반,거래처확인요청,37639889,오아 코털제거기PRO USB충전식 2In1 콧털 눈썹 정리기,8809822423071,오아 주식회사,2026-10-07,2026-10-06 12:19:38,10,10,0,직매입,N,,,,16368,14880,1488,163680,0,N
144129158,일반,거래처확인요청,34801754,오아 무선 전동 쏙오프 이지 네일드릴 + 비트세트 화이트,8809822422463,오아 주식회사,2026-10-07,2026-10-06 12:19:38,10,10,0,직매입,N,,,,23436,21305,2131,234360,0,N
144088602,일반,거래처확인요청,70465336,MXSSIVE 타이탄벨트 프로 블랙 1개 S,8809822429226,오아 주식회사,2026-10-07,2026-10-06 10:25:58,1,1,0,직매입,N,,,,23940,21764,2176,23940,0,N
144088602,일반,거래처확인요청,78544867,MXSSIVE 서포트 니슬리브 헬스 무릎 보호대 크림 1세트 XL,8800367920759,오아 주식회사,2026-10-07,2026-10-06 10:25:58,1,1,0,직매입,N,,,,29940,27218,2722,29940,0,N
144088602,일반,거래처확인요청,15825326,오아 클린벨 다용도 무선 핸디 청소기 블랙 오아 클린벨 OCL-019BK,8809487309260,오아 주식회사,2026-10-07,2026-10-06 10:25:58,6,6,0,직매입,N,,,,31300,28455,2845,187800,0,N
144088602,일반,거래처확인요청,56479851,오아 퀵착M Qi2 맥세이프 차량용 휴대폰 무선 충전 냉각쿨링 거치대 블랙 OVCH-004BK,8809822425976,오아 주식회사,2026-10-07,2026-10-06 10:25:58,1,1,0,직매입,N,,,,26260,23873,2387,26260,0,N
144088601,일반,거래처확인요청,64789478,오아 무선 모던 LED 시계 R 요일 온습도 원형 벽시계 베이지,8809822426799,오아 주식회사,2026-10-07,2026-10-06 10:25:58,10,10,0,직매입,N,,,,59360,53964,5396,593600,0,N
144088601,일반,거래처확인요청,67272047,오아 크로멜 LED 무드등 수면등 테이블 인테리어 침실 무선 탁상 조명 블랙,8809822428151,오아 주식회사,2026-10-07,2026-10-06 10:25:58,1,1,0,직매입,N,,,,24635,22395,2240,24635,0,N
144088601,일반,거래처확인요청,71030052,오아 데이클락 LED 벽시계 온습도 무소음 디지털 벽걸이 시계 거실 사무실 인테리어 데이클락 M01628 베이지,8809822428540,오아 주식회사,2026-10-07,2026-10-06 10:25:58,20,20,0,직매입,N,,,,50853,46230,4623,1017060,0,N
144088601,일반,거래처확인요청,67989839,오아 포터블램프S 단스탠드 침실 조명 데스크 램프 무드등 스탠드 블랙,8809822426447,오아 주식회사,2026-10-07,2026-10-06 10:25:58,1,1,0,직매입,N,,,,19734,17940,1794,19734,0,N
144088600,일반,거래처확인요청,79944232,보아르 스마트락 지문인식 스텐 316 텀블러 보온 보냉 방수 원터치 물병 500ml VHEP-006IV,8800367920919,오아 주식회사,2026-10-07,2026-10-06 10:25:58,1,1,0,직매입,N,,,,34431,31301,3130,34431,0,N
144034698,일반,거래처확인요청,41910661,삼대오백 마그네슘 리커버리 웜업크림 발열 마사지 핫크림 오리지널 1개 100ml,R205259560001,오아 주식회사,2026-10-07,2026-10-06 09:18:18,24,24,0,직매입,N,,,,12935,11759,1176,310440,0,N
144034698,일반,거래처확인요청,66792779,삼대오백 마그네슘 리커버리 웜업 핫크림 프로 100ml 1개,8809822428243,오아 주식회사,2026-10-07,2026-10-06 09:18:18,24,24,0,직매입,N,,,,13740,12491,1249,329760,0,N
144034677,일반,거래처확인요청,4125377,오아 슬리머 마사지기 OA-MA900 (브라운),8809487303572,오아 주식회사,2026-10-07,2026-10-06 09:18:18,320,320,0,직매입,N,,,,21976,19978,1998,7032320,0,N
144034653,일반,거래처확인요청,76379081,삼대오백 바이퍼 펌프 레드 ZERO 탄산음료 355ml 24개,18800367920299,오아 주식회사,2026-10-07,2026-10-06 09:18:18,78,78,0,직매입,N,,,,17940,16309,1631,1399320,0,N
144034631,일반,거래처확인요청,3636926,오아 무드 1000 미니 초음파 탁상용 가습기,8809487302049,오아 주식회사,2026-10-07,2026-10-06 09:18:17,51,51,0,직매입,N,,,,26666,24242,2424,1359966,0,N
144034631,일반,거래처확인요청,3636927,오아 무드 500 미니 초음파 탁상용 가습기,8809487302032,오아 주식회사,2026-10-07,2026-10-06 09:18:17,20,20,0,직매입,N,,,,21976,19978,1998,439520,0,N
144034623,일반,거래처확인요청,27056005,보아르 워시스핀C 무선 충전식 욕실 청소기 VCL-031WH,8809822421923,오아 주식회사,2026-10-07,2026-10-06 09:18:17,48,48,0,직매입,N,,,,16616,15105,1511,797568,0,N
144034623,일반,거래처확인요청,4152608,오아 아이브릭 블루투스 스피커 OA-IBRICK 골든우드,8809487303282,오아 주식회사,2026-10-07,2026-10-06 09:18:17,168,168,0,직매입,N,,,,16616,15105,1511,2791488,0,N
144034623,일반,거래처확인요청,45573288,오아 턴에어Pro 미니 탁상용 무선 선풍기 서큘레이터 화이트 OFN-061WH,8809822424764,오아 주식회사,2026-10-07,2026-10-06 09:18:17,2,2,0,직매입,N,,,,30083,27348,2735,60166,0,N
144034623,일반,거래처확인요청,38312169,오아 뿌리 볼륨 고데기 미니 앞머리 휴대용 뽕 매직기,8809822422906,오아 주식회사,2026-10-07,2026-10-06 09:18:17,168,168,0,직매입,N,,,,23316,21196,2120,3917088,0,N
144034623,일반,거래처확인요청,75741354,오아 에어리소닉 BLDC 항공모터 고속 초경량 헤어 드라이기 1600W 화이트 OHA-032WH,8800367920285,오아 주식회사,2026-10-07,2026-10-06 09:18:17,250,250,0,직매입,N,,,,43416,39469,3947,10854000,0,N
144034623,일반,거래처확인요청,56183402,오아 듀얼 히팅 뷰러 속눈썹 고데기 화이트 OHEC-001WH,8809822425877,오아 주식회사,2026-10-07,2026-10-06 09:18:17,223,223,0,직매입,N,,,,18693,16994,1699,4168539,0,N
144034623,일반,거래처확인요청,56896464,보아르 이지 전기포트 C 휴대용 접이식 여행용 올스텐 무선 커피포트,8809822429936,오아 주식회사,2026-10-07,2026-10-06 09:18:17,128,128,0,직매입,N,,,,38793,35266,3527,4965504,0,N
144034623,일반,거래처확인요청,64287980,오아 퀵듀오 고속 충전 8핀 일체형 C타입 보조배터리 10000mAh 멀티단자 베이지 OBAT-001BE,8809822427307,오아 주식회사,2026-10-07,2026-10-06 09:18:17,26,26,0,직매입,N,,,,23383,21257,2126,607958,0,N
144034623,일반,거래처확인요청,13959023,오아 티타늄 웨이브 펌 프리볼트 물결 고데기,8809487307877,오아 주식회사,2026-10-07,2026-10-06 09:18:17,160,160,0,직매입,N,,,,26666,24242,2424,4266560,0,N
144034623,일반,거래처확인요청,18928667,오아 클린이퓨어PRO 바람건조 고온히팅 휴대용 유선 무선 겸용 칫솔살균기 UVC LED 자외선 살균 건조기 OTS-004WH 화이트 OTS-004WH,8809822420087,오아 주식회사,2026-10-07,2026-10-06 09:18:17,291,291,0,직매입,N,,,,15946,14496,1450,4640286,0,N
144034623,일반,거래처확인요청,10974363,"오아 셀카프로 짐벌 블루투스 스마트폰 셀카봉 삼각대 OA-SS800, 블랙",8809487306672,오아 주식회사,2026-10-07,2026-10-06 09:18:17,30,30,0,직매입,N,,,,33299,30272,3027,998970,0,N
144034623,일반,거래처확인요청,69039778,오아 소닉플로우 BLDC 항공모터 고속 초경량 헤어 드라이기 1800W 그레이 ODRY-007GR,8809822428816,오아 주식회사,2026-10-07,2026-10-06 09:18:17,36,36,0,직매입,N,,,,33433,30394,3039,1203588,0,N
144034623,일반,거래처확인요청,61199642,오아 에어리스마트 BLDC 항공모터 고속 초경량 헤어 드라이기 화이트 ODRY-005WH 1600W,8809822426874,오아 주식회사,2026-10-07,2026-10-06 09:18:17,4,4,0,직매입,N,,,,58960,53600,5360,235840,0,N
144034623,일반,거래처확인요청,35137369,오아 라운드 멀티팬 휴대용 미니 소형 문어발 탁상용 아기 유모차 선풍기,8809822422647,오아 주식회사,2026-10-07,2026-10-06 09:18:17,2,2,0,직매입,N,,,,17112,15556,1556,34224,0,N
144034623,일반,거래처확인요청,62385013,보아르 보틀 휴대용 분유 무선 보온 여행용 전기 포트기 VBNM-003WH,8809822426973,오아 주식회사,2026-10-07,2026-10-06 09:18:17,10,10,0,직매입,N,,,,58960,53600,5360,589600,0,N
144034623,일반,거래처확인요청,41864123,오아 뮤즈S 블루투스 스피커 노래방 무선 마이크,8809822424467,오아 주식회사,2026-10-07,2026-10-06 09:18:17,40,40,0,직매입,N,,,,19966,18151,1815,798640,0,N
144034623,일반,거래처확인요청,65566244,보아르 듀이아쿠아 자연기화식 가습기 대용량 8L 자동건조 UV살균 자동습도조절 통세척,8809822427826,오아 주식회사,2026-10-07,2026-10-06 09:18:17,23,23,0,직매입,N,,,,106530,96845,9685,2450190,0,N
144034623,일반,거래처확인요청,62375802,오아 클린이스윙 좌우 회전 LCD 음파 전동 칫솔 화이트 1개 OETB-007WH,8809822427109,오아 주식회사,2026-10-07,2026-10-06 09:18:17,12,12,0,직매입,N,,,,26733,24303,2430,320796,0,N
144034623,일반,거래처확인요청,69767288,보아르 비드틱S 수비드머신 온도조절 스테인리스 304 진공 조리기 VSVM-001BK,8809822428700,오아 주식회사,2026-10-07,2026-10-06 09:18:17,134,134,0,직매입,N,,,,66330,60300,6030,8888220,0,N
144034623,일반,거래처확인요청,39376011,오아 폴드A 3in1 접이식 무선충전기 안드로이드 갤럭시 휴대용 고속 충전 거치대 버즈 갤럭시워치 호환 화이트 1개,8809822423002,오아 주식회사,2026-10-07,2026-10-06 09:18:17,30,30,0,직매입,N,,,,19966,18151,1815,598980,0,N
144034623,일반,거래처확인요청,73226633,오아 오마컬 봉고데기 40mm 웨이브 고데기 아이롱 헤어 볼륨 프리볼트 고대기 핑크 OSTR-011PK,8809822429356,오아 주식회사,2026-10-07,2026-10-06 09:18:17,38,38,0,직매입,N,,,,30083,27348,2735,1143154,0,N
144034623,일반,거래처확인요청,68466892,오아 퀵롤차저 65W GaN C타입 케이블 일체형 초고속 2포트 멀티 고속 핸드폰 충전기 화이트1개,8809822428649,오아 주식회사,2026-10-07,2026-10-06 09:18:17,61,61,0,직매입,N,,,,15276,13887,1389,931836,0,N
144034623,일반,거래처확인요청,62378988,오아 클린이스윙 좌우 회전 LCD 음파 전동 칫솔 블랙 1개 OETB-007BK,8809822427116,오아 주식회사,2026-10-07,2026-10-06 09:18:17,30,30,0,직매입,N,,,,26733,24303,2430,801990,0,N
144034623,일반,거래처확인요청,74693807,보아르 이지 전기포트 M1 접이식 분유포트 휴대용 미니 여행용 프리볼트 온도조절 커피포트 그레이 VPEP-006GL,8809822429851,오아 주식회사,2026-10-07,2026-10-06 09:18:17,126,126,0,직매입,N,,,,34362,31238,3124,4329612,0,N
144034623,일반,거래처확인요청,50154913,보아르 스위프클링 살균 핸디 침구 매트리스 침대 청소기 화이트 VCL-034WH,8809822424986,오아 주식회사,2026-10-07,2026-10-06 09:18:17,3,3,0,직매입,N,,,,32026,29115,2911,96078,0,N
144034623,일반,거래처확인요청,46727700,보아르 다이닝 스텐 멀티찜기 VMC-002IV,8809822424474,오아 주식회사,2026-10-07,2026-10-06 09:18:17,24,24,0,직매입,N,,,,51590,46900,4690,1238160,0,N
144034623,일반,거래처확인요청,42913903,오아 클래식 LP플레이어 턴테이블 블루투스 스피커 OSD-007WH,8809822424511,오아 주식회사,2026-10-07,2026-10-06 09:18:17,24,24,0,직매입,N,,,,43416,39469,3947,1041984,0,N
144034623,일반,거래처확인요청,43252471,오아 무선 온열 바디케어 전신 목 어깨 허리 종아리 휴대용 쿠션 안마기 OMS-031BE,8809822424535,오아 주식회사,2026-10-07,2026-10-06 09:18:17,94,94,0,직매입,N,,,,32026,29115,2911,3010444,0,N
144034623,일반,거래처확인요청,5332789,오아접이식블루투스키보드-화이트,8809487300113,오아 주식회사,2026-10-07,2026-10-06 09:18:17,80,80,0,직매입,N,,,,25326,23024,2302,2026080,0,N
144034623,일반,거래처확인요청,5332788,오아접이식블루투스키보드-블랙,8809487300045,오아 주식회사,2026-10-07,2026-10-06 09:18:17,160,160,0,직매입,N,,,,25326,23024,2302,4052160,0,N
144034623,일반,거래처확인요청,69766464,오아 큐브 멀티탭 PD35 고용량 4000W 콘센트 USB C타입 3구 멀티 어댑터 클라우디블루 1개,8809822429554,오아 주식회사,2026-10-07,2026-10-06 09:18:17,15,15,0,직매입,N,,,,22043,20039,2004,330645,0,N
144034623,일반,거래처확인요청,55357095,오아 클린이포터블 휴대용 접이식 무선 구강세정기 화이트 OORL-013WH,8809822425754,오아 주식회사,2026-10-07,2026-10-06 09:18:17,123,123,0,직매입,N,,,,26666,24242,2424,3279918,0,N
144034623,일반,거래처확인요청,68938743,오아 프리온 무선 미니 배터리 분리 기내반입 세라믹 고데기 핑크 OSTR-013PK,8809822428519,오아 주식회사,2026-10-07,2026-10-06 09:18:17,124,124,0,직매입,N,,,,33433,30394,3039,4145692,0,N
144034623,일반,거래처확인요청,50326931,오아 오토 고데기 자동 회전 봉 고대기 40mm 퍼플 OHA-034PU,8809822425044,오아 주식회사,2026-10-07,2026-10-06 09:18:17,168,168,0,직매입,N,,,,36046,32769,3277,6055728,0,N
144034623,일반,거래처확인요청,50725354,오아 어깨 찜질기 온열 전기 목 등 찜질 찜질팩 온열기 딥그레이 OMS-033DG,8809822425327,오아 주식회사,2026-10-07,2026-10-06 09:18:17,110,110,0,직매입,N,,,,32026,29115,2911,3522860,0,N
144034623,일반,거래처확인요청,64778162,오아 베이직 휴대용 미니 헤어 뿌리 볼륨 빗고데기 베이지 OSTR-002BE1,8809822429523,오아 주식회사,2026-10-07,2026-10-06 09:18:17,103,103,0,직매입,N,,,,20033,18212,1821,2063399,0,N
144034623,일반,거래처확인요청,65179405,오아 포그밍L 온열 전기담요 OEBK-002BE 베이지 1800 x 1300 mm,8809822428007,오아 주식회사,2026-10-07,2026-10-06 09:18:17,80,80,0,직매입,N,,,,52930,48118,4812,4234400,0,N
144034623,일반,거래처확인요청,18291047,보아르 아가맘마 보틀워머 젖병 살균기 모유 분유 이유식 해동 중탕기,8809487309727,오아 주식회사,2026-10-07,2026-10-06 09:18:17,56,56,0,직매입,N,,,,38726,35205,3521,2168656,0,N
144034623,일반,거래처확인요청,62499786,오아 PD35 고용량 4000W 콘센트 USB C타입 충전 3구 큐브 멀티탭 베이지 1개,8809822427147,오아 주식회사,2026-10-07,2026-10-06 09:18:17,5,5,0,직매입,N,,,,22043,20039,2004,110215,0,N
144034623,일반,거래처확인요청,51016959,오아 접이식 블루투스 무선 접이식 키보드 메탈그레이 OA-KB100MG,8809822425358,오아 주식회사,2026-10-07,2026-10-06 09:18:17,145,145,0,직매입,N,,,,25326,23024,2302,3672270,0,N
144034623,일반,거래처확인요청,69096296,오아 클린이퓨어 PRO 휴대용 UV 칫솔 소독 살균기 코튼핑크 OTS-004CP,8809822429257,오아 주식회사,2026-10-07,2026-10-06 09:18:17,95,95,0,직매입,N,,,,15946,14496,1450,1514870,0,N
144034623,일반,거래처확인요청,69096297,오아 클린이퓨어 PRO 휴대용 UV 칫솔 소독 살균기 클라우디블루 OTS-004CB,8809822429264,오아 주식회사,2026-10-07,2026-10-06 09:18:17,104,104,0,직매입,N,,,,15946,14496,1450,1658384,0,N
144034623,일반,거래처확인요청,51989601,오아 클린이워터B D F Z 전용 5종 팁세트 1세트 OET-067-OROWH,8809487308317,오아 주식회사,2026-10-07,2026-10-06 09:18:17,171,171,0,직매입,N,,,,5963,5421,542,1019673,0,N
144034623,일반,거래처확인요청,69772625,오아 클린이워터B-UV 휴대용 구강세정기 물치실 IPX7 방수 치아세정기 클라우디블루 OORL-018CB,8809822428731,오아 주식회사,2026-10-07,2026-10-06 09:18:17,66,66,0,직매입,N,,,,29413,26739,2674,1941258,0,N
144034623,일반,거래처확인요청,69772627,오아 클린이워터B-UV 휴대용 구강세정기 물치실 IPX7 방수 치아세정기 차콜스톤 OORL-018CS,8809822428748,오아 주식회사,2026-10-07,2026-10-06 09:18:17,94,94,0,직매입,N,,,,29413,26739,2674,2764822,0,N
144034623,일반,거래처확인요청,68253037,오아 BLDC 헤어 드라이기 미니 블루 ODRY-008BL 1100W + 파우치,8809822428502,오아 주식회사,2026-10-07,2026-10-06 09:18:17,60,60,0,직매입,N,,,,30083,27348,2735,1804980,0,N
144034623,일반,거래처확인요청,69772629,오아 클린이워터B-UV 휴대용 구강세정기 물치실 IPX7 방수 치아세정기 포그밀크 OORL-018FM,8809822428724,오아 주식회사,2026-10-07,2026-10-06 09:18:17,594,594,0,직매입,N,,,,29413,26739,2674,17471322,0,N
144034623,일반,거래처확인요청,78907466,오아 클린이스쿨 IPX8 좌우회전 어린이 음파 전동 칫솔 코튼핑크 1개 OETB-010CP,8800367920469,오아 주식회사,2026-10-07,2026-10-06 09:18:17,47,47,0,직매입,N,,,,27531,25028,2503,1293957,0,N
144034623,일반,거래처확인요청,44916947,오아 바디건 OMS-034BE,8809822424863,오아 주식회사,2026-10-07,2026-10-06 09:18:17,9,9,0,직매입,N,,,,22713,20648,2065,204417,0,N
144034623,일반,거래처확인요청,59056260,보아르 폴더블 휴대용 접이식 프리볼트 여행용 전기포트 VPEP-004WH,8809822426270,오아 주식회사,2026-10-07,2026-10-06 09:18:17,47,47,0,직매입,N,,,,26733,24303,2430,1256451,0,N
144034587,일반,거래처확인요청,11229298,오아 눈편한세상 눈 안마기 무선 마사지 기계 온열 찜질기,8809487307204,오아 주식회사,2026-10-07,2026-10-06 09:18:17,238,238,0,직매입,N,,,,23316,21196,2120,5549208,0,N
144034521,일반,거래처확인요청,13101218,오아 클린이소프트R 자동압력센서 롤링터치 음파 전동 칫솔 블랙,8809487308133,오아 주식회사,2026-10-07,2026-10-06 09:18:17,1,1,0,직매입,N,,,,29346,26678,2668,29346,0,N
144034521,일반,거래처확인요청,11671480,"오아 클린이 소프트 전용 리필 칫솔모, VO-ET034, 화이트 4ea",8809487307235,오아 주식회사,2026-10-07,2026-10-06 09:18:17,960,960,0,직매입,N,,,,5963,5421,542,5724480,0,N
144034521,일반,거래처확인요청,11671481,"오아 클린이 소프트 자동 압력센서 음파 전동칫솔, 화이트",8809487307242,오아 주식회사,2026-10-07,2026-10-06 09:18:17,54,54,0,직매입,N,,,,24656,22415,2241,1331424,0,N
144034521,일반,거래처확인요청,13473750,오아 클린이워터F 대용량 1L 구강 세정 세척기,8809487308263,오아 주식회사,2026-10-07,2026-10-06 09:18:17,21,21,0,직매입,N,,,,33366,30333,3033,700686,0,N
144034521,일반,거래처확인요청,14134779,오아 클린이 소프트 시리즈 전용 미세모 리필 칫솔모 화이트 4ea,8809487308775,오아 주식회사,2026-10-07,2026-10-06 09:18:17,160,160,0,직매입,N,,,,7638,6944,694,1222080,0,N
144034521,일반,거래처확인요청,12434130,오아 클린이소프트 전용 프리미엄 리필 칫솔모 블랙 4ea,8809487307815,오아 주식회사,2026-10-07,2026-10-06 09:18:17,720,720,0,직매입,N,,,,5963,5421,542,4293360,0,N
144034521,일반,거래처확인요청,12585217,보아르 아이워시 초음파 세척기 가정용 안경 시계,8809487308027,오아 주식회사,2026-10-07,2026-10-06 09:18:17,220,220,0,직매입,N,,,,33366,30333,3033,7340520,0,N
144034513,일반,거래명세서확인요청,10855225,오아 듀얼미스트 미니 휴대용 초음파 탁상용 무선 가습기 500ml,8809487306849,오아 주식회사,2026-10-07,2026-10-06 09:18:17,1032,1032,1032,직매입,N,,,,19966,18151,1815,20604912,20604912,N
144034506,일반,거래처확인요청,15004955,"오아 타프 실링팬 캠핑용 천장형 BLDC 무선 선풍기, OFN-037WH, 화이트",8809487309284,오아 주식회사,2026-10-07,2026-10-06 09:18:17,59,59,0,직매입,N,,,,23316,21196,2120,1375644,0,N
144034506,일반,거래처확인요청,10155238,보아르 모아1000 미니 공기청정 제습기 소형 원룸 화장실 드레스룸 옷방 욕실,8809487306092,오아 주식회사,2026-10-07,2026-10-06 09:18:17,3,3,0,직매입,N,,,,60720,55200,5520,182160,0,N
144034475,일반,거래처확인요청,71030052,오아 데이클락 LED 벽시계 온습도 무소음 디지털 벽걸이 시계 거실 사무실 인테리어 데이클락 M01628 베이지,8809822428540,오아 주식회사,2026-10-07,2026-10-06 09:18:17,30,30,0,직매입,N,,,,50853,46230,4623,1525590,0,N
144034475,일반,거래처확인요청,64789478,오아 무선 모던 LED 시계 R 요일 온습도 원형 벽시계 베이지,8809822426799,오아 주식회사,2026-10-07,2026-10-06 09:18:17,20,20,0,직매입,N,,,,59360,53964,5396,1187200,0,N
144034433,일반,거래처확인요청,12846215,오아 클린이워터B 휴대용 무선 구강세정기,8809487308195,오아 주식회사,2026-10-07,2026-10-06 09:18:17,3780,3780,0,직매입,N,,,,26666,24242,2424,100797480,0,N
144034414,일반,거래처확인요청,4152606,오아 아이브릭 블루투스 스피커 OA-IBRICK 딥우드,8809487303275,오아 주식회사,2026-10-07,2026-10-06 09:18:17,432,432,0,직매입,N,,,,16616,15105,1511,7178112,0,N
144034414,일반,거래처확인요청,12362063,보아르 에이블 듀얼 에어프라이어 23리터 스텐 오븐 에어프라이기 가정용 대용량 에어후라이기,8809822425983,오아 주식회사,2026-10-07,2026-10-06 09:18:17,62,62,0,직매입,N,,,,92460,84055,8405,5732520,0,N
144034414,일반,거래처확인요청,66546178,오아 폴딩풋스파 접이식 가정용 족탕기 화이트 OFBA-001WH,8809822428021,오아 주식회사,2026-10-07,2026-10-06 09:18:17,73,73,0,직매입,N,,,,36716,33378,3338,2680268,0,N
144034414,일반,거래처확인요청,40852278,오아 플렌티 플렛 4L 자동습도조절 접이식 대용량 초음파 가습기 OHM-076WH,8809822423989,오아 주식회사,2026-10-07,2026-10-06 09:18:17,391,391,0,직매입,N,,,,40066,36424,3642,15665806,0,N
144034414,일반,거래처확인요청,50723598,보아르 슈즈쏙 신발 건조기 휴대용 운동화 소독 살균 관리 냄새제거,8809822425341,오아 주식회사,2026-10-07,2026-10-06 09:18:17,305,305,0,직매입,N,,,,26733,24303,2430,8153565,0,N
144034414,일반,거래처확인요청,10727917,보아르 혼요 멀티쿠커 전골 전기 냄비 만능 테이블 쿠커,8809487306504,오아 주식회사,2026-10-07,2026-10-06 09:18:17,96,96,0,직매입,N,,,,33366,30333,3033,3203136,0,N
144034414,일반,거래처확인요청,26426530,오아 슬리머 안마기 쿠션형 마사지기-베이지,8809487307655,오아 주식회사,2026-10-07,2026-10-06 09:18:17,290,290,0,직매입,N,,,,21976,19978,1998,6373040,0,N
144034387,일반,거래처확인요청,26375455,오아 클린듀얼 BLDC 차량용 멀티 에어건 무선청소기,8809822421558,오아 주식회사,2026-10-07,2026-10-06 09:18:17,30,30,0,직매입,N,,,,55000,50000,5000,1650000,0,N
144034387,일반,거래처확인요청,49170124,삼대오백 매시브 그립 헬스 리프팅 스트랩 손목보호대 오리지널 블랙 1세트 S,8809822424832,오아 주식회사,2026-10-07,2026-10-06 09:18:17,10,10,0,직매입,N,,,,14885,13532,1353,148850,0,N
144034326,일반,거래처확인요청,69040158,오아 퀵롤차저 65W GaN C타입 케이블 일체형 초고속 2포트 멀티 고속 휴대폰 충전기 BLACK 1개,8809822429493,오아 주식회사,2026-10-07,2026-10-06 09:18:17,15,15,0,직매입,N,,,,15276,13887,1389,229140,0,N
144034326,일반,거래처확인요청,51898514,오아 듀얼미스트 미니 휴대용 탁상용 무선가습기 베이지OA-HM048_1,8809822422067,오아 주식회사,2026-10-07,2026-10-06 09:18:17,102,102,0,직매입,N,,,,19966,18151,1815,2036532,0,N
144034326,일반,거래처확인요청,27011098,오아 볼륨 컬링 티타늄 이지봉고데기 화이트 OHA-012WH,8809822421411,오아 주식회사,2026-10-07,2026-10-06 09:18:17,80,80,0,직매입,N,,,,26666,24242,2424,2133280,0,N
144034326,일반,거래처확인요청,73461995,오아 클린이워터J2 휴대용 구강세정기 무선 물치실 포그밀크 OORL-020FM,8809822429516,오아 주식회사,2026-10-07,2026-10-06 09:18:17,152,152,0,직매입,N,,,,20033,18212,1821,3045016,0,N
144034326,일반,거래처확인요청,64330309,보아르 이지 미니쿠커 휴대용 접이식 전기포트 프리볼트 여행용 캠핑 라면포트,8809822427192,오아 주식회사,2026-10-07,2026-10-06 09:18:17,13,13,0,직매입,N,,,,40133,36485,3648,521729,0,N
144034326,일반,거래처확인요청,68462854,오아 퀵차지탱크 PD 대용량100W 고속충전 보조배터리 20000mAh 블랙 OBAT-003BK,8809822428489,오아 주식회사,2026-10-07,2026-10-06 09:18:17,8,8,0,직매입,N,,,,40066,36424,3642,320528,0,N
144034326,일반,거래처확인요청,74884452,보아르 모노 반자동 커피머신 20bar 에스프레소 라떼 홈카페 화이트 VCMK-003WH,8809822429462,오아 주식회사,2026-10-07,2026-10-06 09:18:17,24,24,0,직매입,N,,,,82110,74645,7465,1970640,0,N
144034326,일반,거래처확인요청,52162444,오아 에어리소닉 BLDC 항공모터 고속 초경량 헤어 드라이기 베이지 OHA-032BE 1600W,8809822425549,오아 주식회사,2026-10-07,2026-10-06 09:18:17,216,216,0,직매입,N,,,,43416,39469,3947,9377856,0,N
143948876,일반,거래처확인요청,80460979,보아르 아가 담 휴대용 이유식 포트 워머 스텐 316 + 파우치,8800367920926,오아 주식회사,2026-10-07,2026-10-02 14:58:00,28,28,0,직매입,N,,,,61410,55827,5583,1719480,0,N
143948876,일반,거래처확인요청,80953016,오아 듀얼글로우 미니 휴대용 초음파 탁상용 무드등 가습기 포그밀크 OUHU-017FM,8800367921145,오아 주식회사,2026-10-07,2026-10-02 14:58:00,2,2,0,직매입,N,,,,33051,30046,3005,66102,0,N
143948876,일반,거래처확인요청,80953015,오아 듀얼글로우 미니 휴대용 초음파 탁상용 무드등 가습기 샌드크림 OUHU-017SC,8800367921152,오아 주식회사,2026-10-07,2026-10-02 14:58:00,2,2,0,직매입,N,,,,33051,30046,3005,66102,0,N
143943502,일반,거래처확인요청,66546178,오아 폴딩풋스파 접이식 가정용 족탕기 화이트 OFBA-001WH,8809822428021,오아 주식회사,2026-10-07,2026-10-02 14:09:47,107,107,0,직매입,N,,,,36716,33378,3338,3928612,0,N
143943502,일반,거래처확인요청,73893263,보아르 이지 전기포트 M1 접이식 분유포트 휴대용 미니 여행용 프리볼트 온도조절 커피포트 VPEP-006IV,8809822429882,오아 주식회사,2026-10-07,2026-10-02 14:09:47,1858,1858,0,직매입,N,,,,34362,31238,3124,63844596,0,N
143943502,일반,거래처확인요청,40852278,오아 플렌티 플렛 4L 자동습도조절 접이식 대용량 초음파 가습기 OHM-076WH,8809822423989,오아 주식회사,2026-10-07,2026-10-02 14:09:47,241,241,0,직매입,N,,,,40066,36424,3642,9655906,0,N
143943502,일반,거래처확인요청,65566244,보아르 듀이아쿠아 자연기화식 가습기 대용량 8L 자동건조 UV살균 자동습도조절 통세척,8809822427826,오아 주식회사,2026-10-07,2026-10-02 14:09:47,51,51,0,직매입,N,,,,106530,96845,9685,5433030,0,N
143943502,일반,거래처확인요청,10727917,보아르 혼요 멀티쿠커 전골 전기 냄비 만능 테이블 쿠커,8809487306504,오아 주식회사,2026-10-07,2026-10-02 14:09:47,255,255,0,직매입,N,,,,33366,30333,3033,8508330,0,N
143943502,일반,거래처확인요청,12362063,보아르 에이블 듀얼 에어프라이어 23리터 스텐 오븐 에어프라이기 가정용 대용량 에어후라이기,8809822425983,오아 주식회사,2026-10-07,2026-10-02 14:09:47,168,168,0,직매입,N,,,,92460,84055,8405,15533280,0,N
143943482,일반,거래처확인요청,11288089,오아 굿모닝 무선 베개 안마기 목 어깨 쿠션 온열 마사지기 OA-MA029,8809487306863,오아 주식회사,2026-10-07,2026-10-02 14:09:47,2,2,0,직매입,N,,,,52863,48057,4806,105726,0,N
143943482,일반,거래처확인요청,11229298,오아 눈편한세상 눈 안마기 무선 마사지 기계 온열 찜질기,8809487307204,오아 주식회사,2026-10-07,2026-10-02 14:09:47,119,119,0,직매입,N,,,,23316,21196,2120,2774604,0,N
143943482,일반,거래처확인요청,12263239,오아 굿나잇 온열안대 눈 수면안대 눈찜질 아이마스크,8809487306924,오아 주식회사,2026-10-07,2026-10-02 14:09:47,6,6,0,직매입,N,,,,19966,18151,1815,119796,0,N
143943482,일반,거래처확인요청,11104533,오아 손편한세상 무선 손 안마기 핸드 손목 마사지기 손가락 지압기,8809487307143,오아 주식회사,2026-10-07,2026-10-02 14:09:47,1,1,0,직매입,N,,,,51590,46900,4690,51590,0,N
143943482,일반,거래처확인요청,8122806,오아 아이프로 안마기 무선 눈 마사지기 기계 온열 찜질기,8809487305095,오아 주식회사,2026-10-07,2026-10-02 14:09:47,14,14,0,직매입,N,,,,45560,41418,4142,637840,0,N
143943482,일반,거래처확인요청,10858043,오아 트래블러 여행용 무선 목베개 마사지기 안마기 OA-MA028,8809487306702,오아 주식회사,2026-10-07,2026-10-02 14:09:47,1,1,0,직매입,N,,,,16181,14710,1471,16181,0,N
143943482,일반,거래처확인요청,4125377,오아 슬리머 마사지기 OA-MA900 (브라운),8809487303572,오아 주식회사,2026-10-07,2026-10-02 14:09:47,117,117,0,직매입,N,,,,21976,19978,1998,2571192,0,N
143943482,일반,거래처확인요청,15414324,오아 아이콕 눈 안마기 무선 마사지기 기계 온열 찜질기,8809487309130,오아 주식회사,2026-10-07,2026-10-02 14:09:47,4,4,0,직매입,N,,,,25326,23024,2302,101304,0,N
143943482,일반,거래처확인요청,12439390,"오아 바디스팟S 저주파 EMS 휴대용 전신 미니 마사지 본체+바디패드3p, OA-MA021",8809487306405,오아 주식회사,2026-10-07,2026-10-02 14:09:47,38,38,0,직매입,N,,,,19966,18151,1815,758708,0,N
143943480,일반,거래처확인요청,11291291,보아르 모아M1000 필터,8809487306139,오아 주식회사,2026-10-07,2026-10-02 14:09:47,1,1,0,직매입,N,,,,8978,8162,816,8978,0,N
143943480,일반,거래처확인요청,12143584,"보아르 휘겔리 공기청정기 완전필터 시리즈 스탠다드 프리미엄 펫팸 필터, 펫팸 필터 E0151",8809487307419,오아 주식회사,2026-10-07,2026-10-02 14:09:47,1,1,0,직매입,N,,,,12998,11816,1182,12998,0,N
143943480,일반,거래처확인요청,11192163,보아르 그린에어 공기청정기 교체용 필터,8809487306757,오아 주식회사,2026-10-07,2026-10-02 14:09:47,1,1,0,직매입,N,,,,14338,13035,1303,14338,0,N
143943480,일반,거래처확인요청,3636926,오아 무드 1000 미니 초음파 탁상용 가습기,8809487302049,오아 주식회사,2026-10-07,2026-10-02 14:09:47,59,59,0,직매입,N,,,,26666,24242,2424,1573294,0,N
143943480,일반,거래처확인요청,9567647,오아 안개 1000 미니 초음파 탁상용 가습기,8809487305927,오아 주식회사,2026-10-07,2026-10-02 14:09:47,20,20,0,직매입,N,,,,29413,26739,2674,588260,0,N
143943480,일반,거래처확인요청,10324264,오아 퓨어미니 공기청정기,8809487306146,오아 주식회사,2026-10-07,2026-10-02 14:09:47,10,10,0,직매입,N,,,,23316,21196,2120,233160,0,N
143943453,일반,거래처확인요청,65181042,오아 포그밍L 코듀 전기 무릎 온열 담요 캠핑 휴대용 전기요 1800*1300 OEBK-002LA,8809822427994,오아 주식회사,2026-10-07,2026-10-02 14:09:46,13,13,0,직매입,N,,,,66330,60300,6030,862290,0,N
143943453,일반,거래처확인요청,52162444,오아 에어리소닉 BLDC 항공모터 고속 초경량 헤어 드라이기 베이지 OHA-032BE 1600W,8809822425549,오아 주식회사,2026-10-07,2026-10-02 14:09:46,110,110,0,직매입,N,,,,43416,39469,3947,4775760,0,N
143943453,일반,거래처확인요청,52874174,오아 포그니 발 온열 찜질기 다크그레이 OMTM-001DG,8809822425518,오아 주식회사,2026-10-07,2026-10-02 14:09:46,7,7,0,직매입,N,,,,26666,24242,2424,186662,0,N
143943453,일반,거래처확인요청,78867502,오아 모근제거기 4in1 바디트리머 각질 제거 전기 제모기 OERZ-003WH 모근제거기,8809822429592,오아 주식회사,2026-10-07,2026-10-02 14:09:46,7,7,0,직매입,N,,,,29601,26910,2691,207207,0,N
143943453,일반,거래처확인요청,60542212,오아 무선S 뿌리 볼륨 미니 휴대용 헤어 고데기 화이트 OSTR-004WH,8809822426867,오아 주식회사,2026-10-07,2026-10-02 14:09:46,4,4,0,직매입,N,,,,19966,18151,1815,79864,0,N
143943453,일반,거래처확인요청,38312169,오아 뿌리 볼륨 고데기 미니 앞머리 휴대용 뽕 매직기,8809822422906,오아 주식회사,2026-10-07,2026-10-02 14:09:46,150,150,0,직매입,N,,,,23316,21196,2120,3497400,0,N
143943453,일반,거래처확인요청,39071990,오아 클린보틀 전용 헤파필터 OA-ET002,8809487307136,오아 주식회사,2026-10-07,2026-10-02 14:09:46,4,4,0,직매입,N,,,,3953,3594,359,15812,0,N
143943453,일반,거래처확인요청,76375598,오아 컬리미 속눈썹 고데기 온열 히팅 뷰러 핑크 OHEC-003PK,8800367920391,오아 주식회사,2026-10-07,2026-10-02 14:09:46,1,1,0,직매입,N,,,,16491,14992,1499,16491,0,N
143943453,일반,거래처확인요청,70251147,보아르 이지업 텀블렌더 대용량 휴대용 믹서기 무선 과일 블렌더 VBLD-005IV,8809822428625,오아 주식회사,2026-10-07,2026-10-02 14:09:46,5,5,0,직매입,N,,,,30083,27348,2735,150415,0,N
143943453,일반,거래처확인요청,56896464,보아르 이지 전기포트 C 휴대용 접이식 여행용 올스텐 무선 커피포트,8809822429936,오아 주식회사,2026-10-07,2026-10-02 14:09:46,143,143,0,직매입,N,,,,38793,35266,3527,5547399,0,N
143943453,일반,거래처확인요청,42519088,보아르 포스A 유선 핸디 진공 청소기 화이트 VCL-039WH,8809822424450,오아 주식회사,2026-10-07,2026-10-02 14:09:46,22,22,0,직매입,N,,,,40066,36424,3642,881452,0,N
143943453,일반,거래처확인요청,65969750,오아 쁘띠차저 100W GaN PD 3.0 PPS 4포트 고속 멀티충전기 화이트 1개,8809822427567,오아 주식회사,2026-10-07,2026-10-02 14:09:46,1,1,0,직매입,N,,,,52930,48118,4812,52930,0,N
143943453,일반,거래처확인요청,69292187,오아 퀵스트랩 CtoC 고속 충전 케이블 핸드폰 목걸이줄 샌드크림 1개 1.6m,8809822428809,오아 주식회사,2026-10-07,2026-10-02 14:09:46,2,2,0,직매입,N,,,,5963,5421,542,11926,0,N
143943453,일반,거래처확인요청,13959023,오아 티타늄 웨이브 펌 프리볼트 물결 고데기,8809487307877,오아 주식회사,2026-10-07,2026-10-02 14:09:46,25,25,0,직매입,N,,,,26666,24242,2424,666650,0,N
143943453,일반,거래처확인요청,37244806,오아 볼륨 컬링 티타늄 이지 봉고데기 핑크 OHA-012PK,8809822423118,오아 주식회사,2026-10-07,2026-10-02 14:09:46,21,21,0,직매입,N,,,,26666,24242,2424,559986,0,N
143943453,일반,거래처확인요청,61199642,오아 에어리스마트 BLDC 항공모터 고속 초경량 헤어 드라이기 화이트 ODRY-005WH 1600W,8809822426874,오아 주식회사,2026-10-07,2026-10-02 14:09:46,1,1,0,직매입,N,,,,58960,53600,5360,58960,0,N
143943453,일반,거래처확인요청,44374810,보아르 아띠랑스 무선 미니 전기포트 올 스텐 커피포트 베이지 VPT-003BE,8809822424597,오아 주식회사,2026-10-07,2026-10-02 14:09:46,16,16,0,직매입,N,,,,25326,23024,2302,405216,0,N
143943453,일반,거래처확인요청,49473587,오아 O2 미니 원룸 소형 탁상용 공기청정기 아이보리 OA-AP001,8809822425105,오아 주식회사,2026-10-07,2026-10-02 14:09:46,2,2,0,직매입,N,,,,23316,21196,2120,46632,0,N
143943453,일반,거래처확인요청,64223250,오아 굿슬립 PRO 무선 목 어깨 승모근 마사지기 온열 안마기 아이보리 OMSG-015IV2,8809822427529,오아 주식회사,2026-10-07,2026-10-02 14:09:46,3,3,0,직매입,N,,,,52930,48118,4812,158790,0,N
143943453,일반,거래처확인요청,62385013,보아르 보틀 휴대용 분유 무선 보온 여행용 전기 포트기 VBNM-003WH,8809822426973,오아 주식회사,2026-10-07,2026-10-02 14:09:46,30,30,0,직매입,N,,,,58960,53600,5360,1768800,0,N
143943453,일반,거래처확인요청,38417806,오아 오토 자동 롤러 웨이브 펌 프리볼트 고데기,8809822423149,오아 주식회사,2026-10-07,2026-10-02 14:09:46,4,4,0,직매입,N,,,,36716,33378,3338,146864,0,N
143943453,일반,거래처확인요청,64257297,오아 퀵롤 고속 충전 일체형 C타입 보조배터리 10000mAh 베이지,8809822427291,오아 주식회사,2026-10-07,2026-10-02 14:09:46,1,1,0,직매입,N,,,,15946,14496,1450,15946,0,N
143943453,일반,거래처확인요청,61929592,보아르 모노1.5L 스텐 316 분유 보온 온도조절 커피 전기 주전자 VHEP-004WH,8809822426904,오아 주식회사,2026-10-07,2026-10-02 14:09:46,3,3,0,직매입,N,,,,36783,33439,3344,110349,0,N
143943453,일반,거래처확인요청,56651433,오아 덴티스윙 좌우 회전 음파 미세모 전동칫솔 화이트 1개 OETB-003WH,8809822425938,오아 주식회사,2026-10-07,2026-10-02 14:09:46,2,2,0,직매입,N,,,,33433,30394,3039,66866,0,N
143943453,일반,거래처확인요청,55389336,오아 클린이워터J 전용 제트팁 2P 구성품 1세트 OORL-A01501,8809822425761,오아 주식회사,2026-10-07,2026-10-02 14:09:46,20,20,0,직매입,N,,,,3618,3289,329,72360,0,N
143943453,일반,거래처확인요청,73226632,오아 오마컬 봉고데기 36mm 웨이브 고데기 아이롱 헤어 볼륨 프리볼트 고대기 핑크 OSTR-010PK,8809822429349,오아 주식회사,2026-10-07,2026-10-02 14:09:46,8,8,0,직매입,N,,,,30083,27348,2735,240664,0,N
143943453,일반,거래처확인요청,68466892,오아 퀵롤차저 65W GaN C타입 케이블 일체형 초고속 2포트 멀티 고속 핸드폰 충전기 화이트1개,8809822428649,오아 주식회사,2026-10-07,2026-10-02 14:09:46,63,63,0,직매입,N,,,,15276,13887,1389,962388,0,N
143943453,일반,거래처확인요청,68924611,오아 포켓롤 해외 여행용 5포트 PD 35W 초고속충전 멀티 어댑터 모닝라벤더 1개,8809822428847,오아 주식회사,2026-10-07,2026-10-02 14:09:46,1,1,0,직매입,N,,,,25393,23085,2308,25393,0,N
143943453,일반,거래처확인요청,64330764,오아 이지 물결 웨이브 볼륨 프리볼트 고데기 블루 OHA-031BL,8809822427451,오아 주식회사,2026-10-07,2026-10-02 14:09:46,1,1,0,직매입,N,,,,30016,27287,2729,30016,0,N
143943453,일반,거래처확인요청,51883980,오아 플렌티 에어워셔 4L 필터 1개 OHHU-A002,8809822425501,오아 주식회사,2026-10-07,2026-10-02 14:09:46,2,2,0,직매입,N,,,,12328,11207,1121,24656,0,N
143943453,일반,거래처확인요청,74693807,보아르 이지 전기포트 M1 접이식 분유포트 휴대용 미니 여행용 프리볼트 온도조절 커피포트 그레이 VPEP-006GL,8809822429851,오아 주식회사,2026-10-07,2026-10-02 14:09:46,277,277,0,직매입,N,,,,34362,31238,3124,9518274,0,N
143943453,일반,거래처확인요청,64330763,오아 이지 물결 웨이브 볼륨 프리볼트 고데기 퍼플 OHA-031PU,8809822427468,오아 주식회사,2026-10-07,2026-10-02 14:09:46,7,7,0,직매입,N,,,,30016,27287,2729,210112,0,N
143943453,일반,거래처확인요청,56667264,오아 미니 핸디 무선 진공 소형 스틱 청소기 화이트 OCVC-006WH,8809822425945,오아 주식회사,2026-10-07,2026-10-02 14:09:46,1,1,0,직매입,N,,,,42746,38860,3886,42746,0,N
143943453,일반,거래처확인요청,52204284,보아르 스위프클링 침구청소기 전용 먼지 필터 1개 VET-128-CLOWH,8809822425013,오아 주식회사,2026-10-07,2026-10-02 14:09:46,2,2,0,직매입,N,,,,3283,2985,298,6566,0,N
143943453,일반,거래처확인요청,31886592,오아 쁘띠컬링 속눈썹 고데기 V2 화이트 OJW-002WH,8809822422210,오아 주식회사,2026-10-07,2026-10-02 14:09:46,3,3,0,직매입,N,,,,23316,21196,2120,69948,0,N
143943453,일반,거래처확인요청,19365568,오아 힐스케어 온열 공기압 손목 발목 마사지기 OMS-016WH,8809822420100,오아 주식회사,2026-10-07,2026-10-02 14:09:46,4,4,0,직매입,N,,,,38190,34718,3472,152760,0,N
143943453,일반,거래처확인요청,60543356,보아르 컴플릿S 미니건조기 UV살균 원룸 의류 화이트 VCDM-001WH 4kg 고객직접설치,8809822426836,오아 주식회사,2026-10-07,2026-10-02 14:09:46,2,2,0,직매입,N,,,,200330,182118,18212,400660,0,N
143943453,일반,거래처확인요청,55357095,오아 클린이포터블 휴대용 접이식 무선 구강세정기 화이트 OORL-013WH,8809822425754,오아 주식회사,2026-10-07,2026-10-02 14:09:46,75,75,0,직매입,N,,,,26666,24242,2424,1999950,0,N
143943453,일반,거래처확인요청,64212543,오아 무선 미니 휴대용 뿌리 볼륨 앞머리 고데기 베이지 OHA-011BE,8809822427475,오아 주식회사,2026-10-07,2026-10-02 14:09:46,2,2,0,직매입,N,,,,26666,24242,2424,53332,0,N
143943453,일반,거래처확인요청,68938743,오아 프리온 무선 미니 배터리 분리 기내반입 세라믹 고데기 핑크 OSTR-013PK,8809822428519,오아 주식회사,2026-10-07,2026-10-02 14:09:46,96,96,0,직매입,N,,,,33433,30394,3039,3209568,0,N
143943453,일반,거래처확인요청,10646862,보아르 하티포트 무선 전기 유리 커피 티 포트,8809487306344,오아 주식회사,2026-10-07,2026-10-02 14:09:46,7,7,0,직매입,N,,,,25393,23085,2308,177751,0,N
143943453,일반,거래처확인요청,55384739,오아 클린이포터블 전용 제트팁 2P 구성품 1세트 OET-069-OROWH,8809487308379,오아 주식회사,2026-10-07,2026-10-02 14:09:46,60,60,0,직매입,N,,,,3618,3289,329,217080,0,N
143943453,일반,거래처확인요청,65179405,오아 포그밍L 온열 전기담요 OEBK-002BE 베이지 1800 x 1300 mm,8809822428007,오아 주식회사,2026-10-07,2026-10-02 14:09:46,45,45,0,직매입,N,,,,52930,48118,4812,2381850,0,N
143943453,일반,거래처확인요청,29258063,보아르 아띠랑스 무선 미니 전기포트 올 스텐 커피포트 화이트,8809822422005,오아 주식회사,2026-10-07,2026-10-02 14:09:46,3,3,0,직매입,N,,,,25326,23024,2302,75978,0,N
143943453,일반,거래처확인요청,51016959,오아 접이식 블루투스 무선 접이식 키보드 메탈그레이 OA-KB100MG,8809822425358,오아 주식회사,2026-10-07,2026-10-02 14:09:46,96,96,0,직매입,N,,,,25326,23024,2302,2431296,0,N
143943453,일반,거래처확인요청,19104731,보아르 더온리제로 생수병 전기포트 휴대용 분유포트 여행용 커피포트 VPT-001WH,8809487309345,오아 주식회사,2026-10-07,2026-10-02 14:09:46,20,20,0,직매입,N,,,,46766,42515,4251,935320,0,N
143943453,일반,거래처확인요청,60085614,오아 무선 뿌리 볼륨 휴대용 미니 헤어 고데기 5000베이지 OSTR-005BE,8809822426737,오아 주식회사,2026-10-07,2026-10-02 14:09:46,21,21,0,직매입,N,,,,26733,24303,2430,561393,0,N
143943453,일반,거래처확인요청,38676914,오아 포그밍 전기담요 전자파 안심 EMF 전기요 네이비 130 x 180,8809822423248,오아 주식회사,2026-10-07,2026-10-02 14:09:46,6,6,0,직매입,N,,,,44890,40809,4081,269340,0,N
143943453,일반,거래처확인요청,78907465,오아 클린이스쿨 IPX8 좌우회전 어린이 음파 전동 칫솔 클라우디블루 1개 OETB-010CB,8800367920452,오아 주식회사,2026-10-07,2026-10-02 14:09:46,26,26,0,직매입,N,,,,27531,25028,2503,715806,0,N
143943453,일반,거래처확인요청,59056260,보아르 폴더블 휴대용 접이식 프리볼트 여행용 전기포트 VPEP-004WH,8809822426270,오아 주식회사,2026-10-07,2026-10-02 14:09:46,60,60,0,직매입,N,,,,26733,24303,2430,1603980,0,N
143943444,일반,거래처확인요청,14473529,오아 유아용 클린이펭귄 블루 + 핑크 음파 전동 칫솔 세트,8809487309314,오아 주식회사,2026-10-07,2026-10-02 14:09:46,1,1,0,직매입,N,,,,15477,14070,1407,15477,0,N
143943444,일반,거래처확인요청,12465755,오아 클린이 소프트 자동 압력센서 음파 전동칫솔 블랙,8809487307785,오아 주식회사,2026-10-07,2026-10-02 14:09:46,3,3,0,직매입,N,,,,24656,22415,2241,73968,0,N
143943444,일반,거래처확인요청,13101217,오아 클린이소프트R 자동압력센서 롤링터치 음파 전동 칫솔 화이트,8809487308126,오아 주식회사,2026-10-07,2026-10-02 14:09:46,10,10,0,직매입,N,,,,29346,26678,2668,293460,0,N
143943444,일반,거래처확인요청,12775096,"오아 클린이 소프트 음파 전동칫솔 2세트, VO-OC001(화이트,블랙)",8809487308560,오아 주식회사,2026-10-07,2026-10-02 14:09:46,1,1,0,직매입,N,,,,46632,42393,4239,46632,0,N
143943444,일반,거래처확인요청,11671480,"오아 클린이 소프트 전용 리필 칫솔모, VO-ET034, 화이트 4ea",8809487307235,오아 주식회사,2026-10-07,2026-10-02 14:09:46,329,329,0,직매입,N,,,,5963,5421,542,1961827,0,N
143943444,일반,거래처확인요청,12685386,오아 클린이퓨어 Air LED무선 칫솔 살균 건조기,8809487308089,오아 주식회사,2026-10-07,2026-10-02 14:09:46,2,2,0,직매입,N,,,,23316,21196,2120,46632,0,N
143943444,일반,거래처확인요청,11671481,"오아 클린이 소프트 자동 압력센서 음파 전동칫솔, 화이트",8809487307242,오아 주식회사,2026-10-07,2026-10-02 14:09:46,47,47,0,직매입,N,,,,24656,22415,2241,1158832,0,N
143943444,일반,거래처확인요청,13473750,오아 클린이워터F 대용량 1L 구강 세정 세척기,8809487308263,오아 주식회사,2026-10-07,2026-10-02 14:09:46,45,45,0,직매입,N,,,,33366,30333,3033,1501470,0,N
143943444,일반,거래처확인요청,14134778,오아 클린이 소프트 시리즈 전용 미세모 리필 칫솔모 블랙4ea,8809487308782,오아 주식회사,2026-10-07,2026-10-02 14:09:46,51,51,0,직매입,N,,,,7638,6944,694,389538,0,N
143943444,일반,거래처확인요청,12434130,오아 클린이소프트 전용 프리미엄 리필 칫솔모 블랙 4ea,8809487307815,오아 주식회사,2026-10-07,2026-10-02 14:09:46,461,461,0,직매입,N,,,,5963,5421,542,2748943,0,N
143943444,일반,거래처확인요청,12674974,오아 클린이 소프트B 자동 압력센서 음파 전동 칫솔 블랙,8809487308119,오아 주식회사,2026-10-07,2026-10-02 14:09:46,12,12,0,직매입,N,,,,22646,20587,2059,271752,0,N
143943444,일반,거래처확인요청,12585217,보아르 아이워시 초음파 세척기 가정용 안경 시계,8809487308027,오아 주식회사,2026-10-07,2026-10-02 14:09:46,256,256,0,직매입,N,,,,33366,30333,3033,8541696,0,N
143943441,일반,거래처확인요청,69040158,오아 퀵롤차저 65W GaN C타입 케이블 일체형 초고속 2포트 멀티 고속 휴대폰 충전기 BLACK 1개,8809822429493,오아 주식회사,2026-10-07,2026-10-02 14:09:46,28,28,0,직매입,N,,,,15276,13887,1389,427728,0,N
143943441,일반,거래처확인요청,50723598,보아르 슈즈쏙 신발 건조기 휴대용 운동화 소독 살균 관리 냄새제거,8809822425341,오아 주식회사,2026-10-07,2026-10-02 14:09:46,60,60,0,직매입,N,,,,26733,24303,2430,1603980,0,N
143943441,일반,거래처확인요청,53297446,보아르 포스N25 핸디 핸드 원룸 진공 무선청소기 화이트 VCVC-007WH,8809822425372,오아 주식회사,2026-10-07,2026-10-02 14:09:46,3,3,0,직매입,N,,,,92460,84055,8405,277380,0,N
143943441,일반,거래처확인요청,76374401,오아 올리미 속눈썹 고데기 온열 히팅 뷰러 화이트 OHEC-002WH,8800367920360,오아 주식회사,2026-10-07,2026-10-02 14:09:46,7,7,0,직매입,N,,,,16491,14992,1499,115437,0,N
143943441,일반,거래처확인요청,47936724,오아 에어리소닉 BLDC 항공모터 고속 초경량 헤어 드라이기 핑크 OHA-032PK,8809822425136,오아 주식회사,2026-10-07,2026-10-02 14:09:46,1,1,0,직매입,N,,,,43416,39469,3947,43416,0,N
143943441,일반,거래처확인요청,51533853,오아 오토셋 웨이브 뿌리 볼륨 봉고데기 화이트 OHA-029BL,8809822424726,오아 주식회사,2026-10-07,2026-10-02 14:09:46,1,1,0,직매입,N,,,,40066,36424,3642,40066,0,N
143943441,일반,거래처확인요청,68934411,오아 포켓롤 해외 여행용 5포트 PD 35W 초고속충전 멀티 어댑터 레몬크림 1개,8809822428830,오아 주식회사,2026-10-07,2026-10-02 14:09:46,3,3,0,직매입,N,,,,25393,23085,2308,76179,0,N
143943441,일반,거래처확인요청,68462854,오아 퀵차지탱크 PD 대용량100W 고속충전 보조배터리 20000mAh 블랙 OBAT-003BK,8809822428489,오아 주식회사,2026-10-07,2026-10-02 14:09:46,7,7,0,직매입,N,,,,40066,36424,3642,280462,0,N
143943441,일반,거래처확인요청,74884452,보아르 모노 반자동 커피머신 20bar 에스프레소 라떼 홈카페 화이트 VCMK-003WH,8809822429462,오아 주식회사,2026-10-07,2026-10-02 14:09:46,34,34,0,직매입,N,,,,82110,74645,7465,2791740,0,N
143943441,일반,거래처확인요청,46543317,보아르 다이닝 올 스텐 무선 전기포트 2L 대용량 보온 커피포트,8809822424894,오아 주식회사,2026-10-07,2026-10-02 14:09:46,2,2,0,직매입,N,,,,30016,27287,2729,60032,0,N
143943441,일반,거래처확인요청,67191572,오아 무선 휴대용 볼트건 안마기 OMSG-024BK 블랙,8809822427918,오아 주식회사,2026-10-07,2026-10-02 14:09:46,14,14,0,직매입,N,,,,26733,24303,2430,374262,0,N
143943441,일반,거래처확인요청,40640374,오아 전기 온열찜질기 OMS-028DG,8809822424085,오아 주식회사,2026-10-07,2026-10-02 14:09:46,4,4,0,직매입,N,,,,26666,24242,2424,106664,0,N
143943441,일반,거래처확인요청,37843037,오아 클린이컴팩트 OOR-012WH,8809822423095,오아 주식회사,2026-10-07,2026-10-02 14:09:46,2,2,0,직매입,N,,,,25326,23024,2302,50652,0,N
143943441,일반,거래처확인요청,45573288,오아 턴에어Pro 미니 탁상용 무선 선풍기 서큘레이터 화이트 OFN-061WH,8809822424764,오아 주식회사,2026-10-07,2026-10-02 14:09:46,5,5,0,직매입,N,,,,30083,27348,2735,150415,0,N
143943441,일반,거래처확인요청,64214259,오아 히트스팟S 미니 손목 무선 EMS 저주파 온열 마사지기 블랙 OMSG-025BK,8809822427666,오아 주식회사,2026-10-07,2026-10-02 14:09:46,37,37,0,직매입,N,,,,32093,29175,2918,1187441,0,N
143943441,일반,거래처확인요청,4152606,오아 아이브릭 블루투스 스피커 OA-IBRICK 딥우드,8809487303275,오아 주식회사,2026-10-07,2026-10-02 14:09:46,241,241,0,직매입,N,,,,16616,15105,1511,4004456,0,N
143943435,일반,거래처확인요청,10155238,보아르 모아1000 미니 공기청정 제습기 소형 원룸 화장실 드레스룸 옷방 욕실,8809487306092,오아 주식회사,2026-10-07,2026-10-02 14:09:46,3,3,0,직매입,N,,,,60720,55200,5520,182160,0,N
143943435,일반,거래처확인요청,15838517,보아르 모아 파워 제습기 16L 활성탄 필터 VO-ET026,8809487307846,오아 주식회사,2026-10-07,2026-10-02 14:09:46,1,1,0,직매입,N,,,,10318,9380,938,10318,0,N
143943433,일반,거래처확인요청,12846215,오아 클린이워터B 휴대용 무선 구강세정기,8809487308195,오아 주식회사,2026-10-07,2026-10-02 14:09:46,1903,1903,0,직매입,N,,,,26666,24242,2424,50745398,0,N
143943423,일반,거래처확인요청,61760141,보아르 모노0.8L 스텐 316 분유 보온 온도조절 전기 주전자 VHEP-003WH,8809822426676,오아 주식회사,2026-10-07,2026-10-02 14:09:46,3,3,0,직매입,N,,,,30016,27287,2729,90048,0,N
143943423,일반,거래처확인요청,62379668,오아 스윙바스 좌우 회전 음파 전동 칫솔 화이트 1개 OORL-016WH,8809822426942,오아 주식회사,2026-10-07,2026-10-02 14:09:46,1,1,0,직매입,N,,,,23383,21257,2126,23383,0,N
143943423,일반,거래처확인요청,50153946,보아르 미니 여행용 트래블스티머 다리미 화이트 VIR-008WH,8809822425020,오아 주식회사,2026-10-07,2026-10-02 14:09:46,5,5,0,직매입,N,,,,20971,19065,1906,104855,0,N
143943423,일반,거래처확인요청,37034524,오아 스트레칭 마사지기 전신 목 어깨 허리 안마기 에어 안마 매트,8809822422814,오아 주식회사,2026-10-07,2026-10-02 14:09:46,3,3,0,직매입,N,,,,118590,107809,10781,355770,0,N
143943423,일반,거래처확인요청,34320928,오아 라운드 미니 탁상용 무선 휴대용 USB BLDC 선풍기 화이트,8809822422401,오아 주식회사,2026-10-07,2026-10-02 14:09:46,8,8,0,직매입,N,,,,16013,14557,1456,128104,0,N
143943423,일반,거래처확인요청,35403063,오아클린이퓨어C 화이트 OTS-006WH,8809822422661,오아 주식회사,2026-10-07,2026-10-02 14:09:46,1,1,0,직매입,N,,,,33366,30333,3033,33366,0,N
143943423,일반,거래처확인요청,26426530,오아 슬리머 안마기 쿠션형 마사지기-베이지,8809487307655,오아 주식회사,2026-10-07,2026-10-02 14:09:46,117,117,0,직매입,N,,,,21976,19978,1998,2571192,0,N
143943423,일반,거래처확인요청,64808932,오아 심플리 고데기 OSTR-006IV 아이보리,8809822427680,오아 주식회사,2026-10-07,2026-10-02 14:09:46,23,23,0,직매입,N,,,,18693,16994,1699,429939,0,N
143943423,일반,거래처확인요청,40771157,보아르 아가맘마 통유리 보온 퓨어 분유포트,8809822423934,오아 주식회사,2026-10-07,2026-10-02 14:09:46,8,8,0,직매입,N,,,,46230,42027,4203,369840,0,N
143943423,일반,거래처확인요청,12263163,오아 데일리 고데기 판 볼륨 앞머리 프리볼트 매직기,8809487307372,오아 주식회사,2026-10-07,2026-10-02 14:09:46,18,18,0,직매입,N,,,,33366,30333,3033,600588,0,N
143943423,일반,거래처확인요청,35137369,오아 라운드 멀티팬 휴대용 미니 소형 문어발 탁상용 아기 유모차 선풍기,8809822422647,오아 주식회사,2026-10-07,2026-10-02 14:09:46,4,4,0,직매입,N,,,,17112,15556,1556,68448,0,N
143943423,일반,거래처확인요청,12496637,오아 퓨어라인 실리콘 진동 클렌저 얼굴 전동 마사지기 피부 홈케어 클렌징 기계,8809487307792,오아 주식회사,2026-10-07,2026-10-02 14:09:46,1,1,0,직매입,N,,,,26666,24242,2424,26666,0,N
143943423,일반,거래처확인요청,38310913,오아 폴드I 3in1 접이식 무선충전기 애플 아이폰 휴대용 고속 충전 에어팟 애플워치 호환,8809822422999,오아 주식회사,2026-10-07,2026-10-02 14:09:46,1,1,0,직매입,N,,,,19966,18151,1815,19966,0,N
143943423,일반,거래처확인요청,39239709,오아 무선 에어건S 초강력 미니 먼지제거 청소기 OCL-033WH,8809822423811,오아 주식회사,2026-10-07,2026-10-02 14:09:46,5,5,0,직매입,N,,,,44756,40687,4069,223780,0,N
143943423,일반,거래처확인요청,60133592,오아 다리마사지기 온열 종아리 발 안마기 네이비 OMSG-019,8809822426720,오아 주식회사,2026-10-07,2026-10-02 14:09:46,2,2,0,직매입,N,,,,46766,42515,4251,93532,0,N
143943423,일반,거래처확인요청,64212381,오아 오토 헤어 웨이브 자동 롤러 볼륨 고데기 36mm 블루 OSTR-003BL,8809822427574,오아 주식회사,2026-10-07,2026-10-02 14:09:46,8,8,0,직매입,N,,,,36783,33439,3344,294264,0,N
143943423,일반,거래처확인요청,61929727,보아르 아가쑥쑥 분유 쉐이커 무선 전동 보온 휴대용 자동 VBTW-002WH,8809822426935,오아 주식회사,2026-10-07,2026-10-02 14:09:46,4,4,0,직매입,N,,,,30083,27348,2735,120332,0,N
143943423,일반,거래처확인요청,39944753,보아르 이지전기포트S 휴대용 접이식 여행용 올스텐 무선 커피포트 VPT-007WH,8809822423781,오아 주식회사,2026-10-07,2026-10-02 14:09:46,5,5,0,직매입,N,,,,40133,36485,3648,200665,0,N
143943423,일반,거래처확인요청,69767288,보아르 비드틱S 수비드머신 온도조절 스테인리스 304 진공 조리기 VSVM-001BK,8809822428700,오아 주식회사,2026-10-07,2026-10-02 14:09:46,101,101,0,직매입,N,,,,66330,60300,6030,6699330,0,N
143943423,일반,거래처확인요청,52872566,오아 포그밍L 전기 무릎 온열 담요 캠핑 휴대용 전기요 네이비 1800X1300 OEBK-002NV,8809822425747,오아 주식회사,2026-10-07,2026-10-02 14:09:46,4,4,0,직매입,N,,,,51590,46900,4690,206360,0,N
143943423,일반,거래처확인요청,66778787,오아 미니핏 휴대용 고데기베이지 OSTR-008BE,8809822428113,오아 주식회사,2026-10-07,2026-10-02 14:09:46,10,10,0,직매입,N,,,,17353,15775,1578,173530,0,N
143943423,일반,거래처확인요청,39030281,오아 아기 신생아 체중계 디지털 전자 유아 체중계 키 측정,8809822423644,오아 주식회사,2026-10-07,2026-10-02 14:09:46,1,1,0,직매입,N,,,,26666,24242,2424,26666,0,N
143943423,일반,거래처확인요청,77463489,오아 에어스트레이트 2in1 헤어스타일러 항공모터 드라이기 음이온 고데기 핑크 ODRY-012PK,8800367920544,오아 주식회사,2026-10-07,2026-10-02 14:09:46,12,12,0,직매입,N,,,,102810,93464,9346,1233720,0,N
143943423,일반,거래처확인요청,66358440,오아 히트워머 무선 온열 허리 찜질기 복부 배 마사지기 OMTM-004PK 핑크,8809822428069,오아 주식회사,2026-10-07,2026-10-02 14:09:46,13,13,0,직매입,N,,,,21976,19978,1998,285688,0,N
143943423,일반,거래처확인요청,50154913,보아르 스위프클링 살균 핸디 침구 매트리스 침대 청소기 화이트 VCL-034WH,8809822424986,오아 주식회사,2026-10-07,2026-10-02 14:09:46,4,4,0,직매입,N,,,,32026,29115,2911,128104,0,N
143943423,일반,거래처확인요청,39663616,오아 클린이워터S 휴대용 무선 구강세정기 OOR-013WH,8809822423453,오아 주식회사,2026-10-07,2026-10-02 14:09:46,13,13,0,직매입,N,,,,25326,23024,2302,329238,0,N
143943423,일반,거래처확인요청,71291488,오아 베이직 5엽 날개 키높이 스탠드 선풍기 OSFN-001SC,8809822429608,오아 주식회사,2026-10-07,2026-10-02 14:09:46,10,10,0,직매입,N,,,,27531,25028,2503,275310,0,N
143943423,일반,거래처확인요청,77463490,오아 에어스트레이트 2in1 헤어스타일러 항공모터 드라이기 음이온 고데기 베이지 ODRY-012BE,8800367920537,오아 주식회사,2026-10-07,2026-10-02 14:09:46,9,9,0,직매입,N,,,,102810,93464,9346,925290,0,N
143943423,일반,거래처확인요청,66778789,오아 미니핏 휴대용 고데기 핑크 OSTR-008PK,8809822428106,오아 주식회사,2026-10-07,2026-10-02 14:09:46,3,3,0,직매입,N,,,,17353,15775,1578,52059,0,N
143943423,일반,거래처확인요청,62421723,오아 휴대용 탭탭 무선 미니 블루투스 스피커 BUTTER YELLOW OSPK-005YE,8809822426966,오아 주식회사,2026-10-07,2026-10-02 14:09:46,1,1,0,직매입,N,,,,15343,13948,1395,15343,0,N
143943423,일반,거래처확인요청,12757668,오아 디지털 LED 체중계 몸무게 전자 저울 측정기,8809487307747,오아 주식회사,2026-10-07,2026-10-02 14:09:46,5,5,0,직매입,N,,,,13266,12060,1206,66330,0,N
143943423,일반,거래처확인요청,18980681,오아 바디스팟W 손목 마사지기 OMS-017BK,8809822420117,오아 주식회사,2026-10-07,2026-10-02 14:09:46,5,5,0,직매입,N,,,,19966,18151,1815,99830,0,N
143943423,일반,거래처확인요청,50326931,오아 오토 고데기 자동 회전 봉 고대기 40mm 퍼플 OHA-034PU,8809822425044,오아 주식회사,2026-10-07,2026-10-02 14:09:46,95,95,0,직매입,N,,,,36046,32769,3277,3424370,0,N
143943423,일반,거래처확인요청,58610450,오아 에어링 무선 탁상용 미니 선풍기 USB 저소음 아이보리 OMFN-004IV,8809822426621,오아 주식회사,2026-10-07,2026-10-02 14:09:46,1,1,0,직매입,N,,,,26666,24242,2424,26666,0,N
143943423,일반,거래처확인요청,38412071,오아 풋터치형 2단 스퀘어 미니 각도조절 회전 발난로 베이지 OHT-016BE,8809822421909,오아 주식회사,2026-10-07,2026-10-02 14:09:46,90,90,0,직매입,N,,,,20033,18212,1821,1802970,0,N
143943423,일반,거래처확인요청,64778161,오아 베이직 휴대용 미니 헤어 뿌리 볼륨 빗고데기 블루 OSTR-002BL1,8809822429530,오아 주식회사,2026-10-07,2026-10-02 14:09:46,10,10,0,직매입,N,,,,20033,18212,1821,200330,0,N
143943423,일반,거래처확인요청,34330469,오아 라운드 핸디팬 무선 휴대용 USB 초경량 미니 손 선풍기 베이지 OFN-046BE,8809822422357,오아 주식회사,2026-10-07,2026-10-02 14:09:46,1,1,0,직매입,N,,,,11256,10233,1023,11256,0,N
143943423,일반,거래처확인요청,38490171,오아 스퀘어 미니 휴대용 초음파 탁상용 무선 가습기 베이지 OHM-068BE,8809822423132,오아 주식회사,2026-10-07,2026-10-02 14:09:46,79,79,0,직매입,N,,,,14606,13278,1328,1153874,0,N
143943423,일반,거래처확인요청,18291047,보아르 아가맘마 보틀워머 젖병 살균기 모유 분유 이유식 해동 중탕기,8809487309727,오아 주식회사,2026-10-07,2026-10-02 14:09:46,78,78,0,직매입,N,,,,38726,35205,3521,3020628,0,N
143943423,일반,거래처확인요청,55462718,오아 슬림에어 BLDC 헤어 고속 미니 드라이어 블랙 ODRY-002BK,8809822425785,오아 주식회사,2026-10-07,2026-10-02 14:09:46,1,1,0,직매입,N,,,,39396,35815,3581,39396,0,N
143943423,일반,거래처확인요청,59932138,보아르 이지 텀블렌더 휴대용 미니 믹서기 텀블러 무선 소형 블렌더 VBLD-003IV,8809822426744,오아 주식회사,2026-10-07,2026-10-02 14:09:46,2,2,0,직매입,N,,,,24723,22475,2248,49446,0,N
143943423,일반,거래처확인요청,40102936,오아 라운드 PTC 온풍기 전기히터 화이트 OHT-018WH,8809822424030,오아 주식회사,2026-10-07,2026-10-02 14:09:46,18,18,0,직매입,N,,,,26666,24242,2424,479988,0,N
143943423,일반,거래처확인요청,40982029,오아 허그워머 무선 온열 전기 찜질기 OMS-027WH,8809822424184,오아 주식회사,2026-10-07,2026-10-02 14:09:46,8,8,0,직매입,N,,,,23316,21196,2120,186528,0,N
143943423,일반,거래처확인요청,68253037,오아 BLDC 헤어 드라이기 미니 블루 ODRY-008BL 1100W + 파우치,8809822428502,오아 주식회사,2026-10-07,2026-10-02 14:09:46,54,54,0,직매입,N,,,,30083,27348,2735,1624482,0,N
143943423,일반,거래처확인요청,66417803,보아르 듀얼 히팅 에어프라이어8L 대용량 상하열선 투명 바스켓 에어프라이기 그릴 오븐형 에어후라이기 블랙 VAFR-004BK,8809822427796,오아 주식회사,2026-10-07,2026-10-02 14:09:46,18,18,0,직매입,N,,,,79730,72482,7248,1435140,0,N
143943423,일반,거래처확인요청,75077119,보아르 슈트쏙 미니 의류관리기 휴대용 살균 소형 건조기 화이트 VCDM-002WH,8800367920513,오아 주식회사,2026-10-07,2026-10-02 14:09:46,10,10,0,직매입,N,,,,34431,31301,3130,344310,0,N
143943423,일반,거래처확인요청,73461995,오아 클린이워터J2 휴대용 구강세정기 무선 물치실 포그밀크 OORL-020FM,8809822429516,오아 주식회사,2026-10-07,2026-10-02 14:09:46,138,138,0,직매입,N,,,,20033,18212,1821,2764554,0,N
143943423,일반,거래처확인요청,61760291,보아르 다이닝 저당 밥솥 미니 6인용 스텐 아이보리 VERC-004IV,8809822426614,오아 주식회사,2026-10-07,2026-10-02 14:09:46,4,4,0,직매입,N,,,,59630,54209,5421,238520,0,N
143943423,일반,거래처확인요청,25433097,오아 클린이펭귄 유아 음파 전동칫솔 핑크 OOT-006PK,8809487308515,오아 주식회사,2026-10-07,2026-10-02 14:09:46,3,3,0,직매입,N,,,,8241,7492,749,24723,0,N
143943423,일반,거래처확인요청,65145714,보아르 위셀 음식물처리기 AI 음식물 쓰레기 가정용 대용량 건조 분쇄기 화이트,8809822427710,오아 주식회사,2026-10-07,2026-10-02 14:09:46,3,3,0,직매입,N,,,,213060,193691,19369,639180,0,N
143943419,일반,거래처확인요청,14299890,오아 다리360 안마기 다리 종아리 발목 발 마사지기,8809487308577,오아 주식회사,2026-10-07,2026-10-02 14:09:46,1,1,0,직매입,N,,,,118590,107809,10781,118590,0,N
143943411,일반,거래처확인요청,11511332,오아 아이로너 터보 핸디형 살균 스팀다리미 빠른예열 OA-DA001 화이트,8809487306917,오아 주식회사,2026-10-07,2026-10-02 14:09:46,6,6,0,직매입,N,,,,26666,24242,2424,159996,0,N
143943411,일반,거래처확인요청,15795597,"오아 클린스틱 핸디형 무선청소기, 블랙",8809487309239,오아 주식회사,2026-10-07,2026-10-02 14:09:46,1,1,0,직매입,N,,,,49446,44951,4495,49446,0,N
143943411,일반,거래처확인요청,17579394,보아르 딥슬립클링 UV살균 듀얼진동 침구청소기 딥슬립클링 VCL-021WH,8809487309956,오아 주식회사,2026-10-07,2026-10-02 14:09:46,6,6,0,직매입,N,,,,33366,30333,3033,200196,0,N
143943411,일반,거래처확인요청,14488275,보아르 워터스핀B1 무선 물걸레 청소기 VCL-014WH,8809487309154,오아 주식회사,2026-10-07,2026-10-02 14:09:46,2,2,0,직매입,N,,,,43416,39469,3947,86832,0,N
143943411,일반,거래처확인요청,16806254,보아르 포스W 무선 물걸레 진공 청소기 블랙 VCL-018BK,8809487309628,오아 주식회사,2026-10-07,2026-10-02 14:09:46,1,1,0,직매입,N,,,,173530,157755,15775,173530,0,N
143943411,일반,거래처확인요청,12673237,"보아르 포스D14 셀프 스탠딩 무선 청소기, VCL-004WH, 화이트",8809487307457,오아 주식회사,2026-10-07,2026-10-02 14:09:46,4,4,0,직매입,N,,,,73030,66391,6639,292120,0,N
143943402,일반,거래처확인요청,14218803,오아 클린이베어 어린이 음파 전동칫솔 핑크,8809487308492,오아 주식회사,2026-10-07,2026-10-02 14:09:46,3,3,0,직매입,N,,,,16281,14801,1480,48843,0,N
143943402,일반,거래처확인요청,14218802,오아 클린이베어 어린이 음파 전동칫솔 블루,8809487308485,오아 주식회사,2026-10-07,2026-10-02 14:09:46,9,9,0,직매입,N,,,,16281,14801,1480,146529,0,N
143925412,일반,거래처확인요청,53564659,보아르 투웨이 텀블러 1.18L 대용량 손잡이 스텐 보온 보냉 레인보우,8809822425150,오아 주식회사,2026-10-07,2026-10-02 10:43:50,25,25,0,직매입,N,,,,14129,12845,1284,353225,0,N
143925412,일반,거래처확인요청,60450424,보아르 투웨이 텀블러 1.18L 대용량 손잡이 스텐 보온 보냉 민트,8809822426881,오아 주식회사,2026-10-07,2026-10-02 10:43:50,125,125,0,직매입,N,,,,14129,12845,1284,1766125,0,N
143925412,일반,거래처확인요청,53583387,보아르 투웨이 텀블러 1.18L 대용량 손잡이 스텐 보온 보냉 아이보리,8809822425167,오아 주식회사,2026-10-07,2026-10-02 10:43:50,25,25,0,직매입,N,,,,14129,12845,1284,353225,0,N
143925412,일반,거래처확인요청,80514566,삼대오백 에센셜 트라이탄 쉐이커 보틀 클라우드블루 1개 600ml,8800367921343,오아 주식회사,2026-10-07,2026-10-02 10:43:50,96,96,0,직매입,N,,,,8940,8127,813,858240,0,N
143925412,일반,거래처확인요청,73316684,보아르 투웨이 폴든 텀블러 팝업 스트로우 대용량 텀블러 735ml 민트 1개,8809822429370,오아 주식회사,2026-10-07,2026-10-02 10:43:50,20,20,0,직매입,N,,,,23359,21235,2124,467180,0,N
143925412,일반,거래처확인요청,66299335,삼대오백 올인원 필박스 휴대용 프로틴소분통 1개 BLACK FREE,8809822428359,오아 주식회사,2026-10-07,2026-10-02 10:43:50,192,192,0,직매입,N,,,,4140,3764,376,794880,0,N
143925412,일반,거래처확인요청,28262235,삼대오백 쉐이커 보틀 클래식핑크 800ml,8809822421961,오아 주식회사,2026-10-07,2026-10-02 10:43:50,100,100,0,직매입,N,,,,2940,2673,267,294000,0,N
143925412,일반,거래처확인요청,28262234,삼대오백 쉐이커 보틀 클래식화이트 800ml,8809822421978,오아 주식회사,2026-10-07,2026-10-02 10:43:50,200,200,0,직매입,N,,,,2940,2673,267,588000,0,N
143925412,일반,거래처확인요청,37161537,보아르 아가맘마 쪽쪽이 살균기 베이지 VST-008BE,8809822423026,오아 주식회사,2026-10-07,2026-10-02 10:43:50,36,36,0,직매입,N,,,,23848,21680,2168,858528,0,N
143925412,일반,거래처확인요청,28262233,삼대오백 쉐이커 보틀 클래식블루 800ml,8809822421954,오아 주식회사,2026-10-07,2026-10-02 10:43:50,100,100,0,직매입,N,,,,2940,2673,267,294000,0,N
143925412,일반,거래처확인요청,60380162,보아르 투웨이 텀블러 1.18L 대용량 손잡이 스텐 보온 보냉 핑크,8809822426898,오아 주식회사,2026-10-07,2026-10-02 10:43:50,25,25,0,직매입,N,,,,14129,12845,1284,353225,0,N
143925412,일반,거래처확인요청,53569741,보아르 투웨이 텀블러 1.18L 대용량 손잡이 스텐 보온 보냉 블랙,8809822425174,오아 주식회사,2026-10-07,2026-10-02 10:43:50,75,75,0,직매입,N,,,,14129,12845,1284,1059675,0,N
143925412,일반,거래처확인요청,63996689,삼대오백 쉐이커 프리미엄 보틀 화이트 1개 1200ml,R238953790001,오아 주식회사,2026-10-07,2026-10-02 10:43:50,50,50,0,직매입,N,,,,4140,3764,376,207000,0,N
143925408,일반,거래처확인요청,42828891,뉴트리커먼 삼대오백 프리미엄 클래식 미니 쉐이커 보틀 블랙 1개 600ml,8809822424405,오아 주식회사,2026-10-07,2026-10-02 10:43:50,168,168,0,직매입,N,,,,2340,2127,213,393120,0,N
143925408,일반,거래처확인요청,28262232,삼대오백 쉐이커 보틀 클래식블랙 800ml,8809822421947,오아 주식회사,2026-10-07,2026-10-02 10:43:50,1500,1500,0,직매입,N,,,,2940,2673,267,4410000,0,N
143925408,일반,거래처확인요청,42828892,뉴트리커먼 삼대오백 프리미엄 클래식 미니 쉐이커 보틀 화이트 1개 600ml,8809822424412,오아 주식회사,2026-10-07,2026-10-02 10:43:50,120,120,0,직매입,N,,,,2340,2127,213,280800,0,N
